"K14462","APOB"
"K22288","ANGPTL3"
"K08510","VAMP1"
"K10392","KIF1C"
"K01874","MARS2"
"K18060","MTPAP"
"K08956","AFG3L2"
"K17592","SACS"
"K09350","NKX6-2"
"K17610","CHP1"
"K11152","RDH11"
"K14683","SLC34A2"
"K19521","RFX6"
"K14689","SLC30A2"
"K07372","GJA1"
"K00498","CYP11A1"
"K14229","TRNK"
"K14228","TRNL1"
"K14226","TRNH"
"K14233","TRNS1"
"K14227","TRNI"
"K14231","TRNF"
"K14232","TRNP"
"K03883","MTND5"
"K20404","DEPDC5"
"K20405","NPRL2"
"K20406","NPRL3"
"K04836","SCN3A"
"K04955","HCN2"
"K04833","SCN1A"
"K04841","SCN9A"
"K18263","GPR98"
"K05186","GABRG2"
"K08782","CPA6"
"K04845","SCN1B"
"K05184","GABRD"
"K08486","STX1B"
"K07515","HADHA"
"K07509","HADHB"
"K19500","ANO6"
"K12348","ASAH1"
"K09236","TSHZ1"
"K20050","LRP12"
"K20056","GIPC1"
"K24466","NOTCH2NLC"
"K10730","RECQL4"
"K22754","RNF213"
"K12313","ACTA2"
"K12318","GUCY1A3"
"K03884","MT-ND6"
"K03881","MT-ND4"
"K03878","MT-ND1"
"K03880","MT-ND3"
"K19519","TGFBI"
"K04437","FLNB"
"K14700","SLC26A1"
"K12798","NLRP1"
"K09397","FOXD3"
"K00922","PIK3CA"
"K01186","NEU1"
"K04984","TRPA1"
"K04842","SCN10A"
"K04843","SCN11A"
"K16288","DSTYK"
"K10183","TBX18"
"K17965","NRIP1"
"K09355","PBX1"
"K11863","ATXN3"
"K17767","AIP"
"K04632","GNAS"
"K08423","GPR101"
"K03902","F5"
"K04447","JAK2"
"K08362","THRB"
"K16272","RNF135"
"K09329","PRRX1"
"K15728","LPIN2"
"K01481","PADI3"
"K05620","TGM3"
"K18626","TCHH"
"K04451","TP53"
"K02833","Ha-RAS"
"K11647","SMARCA2"
"K13625","FTL"
"K22499","ARMC5"
"K14970","MEN1"
"K01679","FH"
"K13298","PDE11A"
"K02085","APC"
"K04200","MC2R"
"K04345","PRKACA"
"K05005","KCNJ18"
"K22990","TOR1A"
"K23846","HPCA"
"K03125","TAF1"
"K07375","TUBB4A"
"K01495","GCH1"
"K23203","THAP1"
"K23864","MR1"
"K07299","GLUT1"
"K23897","PRRT2"
"K01539","ATP1A3"
"K00501","TH"
"K24540","PRKRA"
"K04849","CACNA1B"
"K19498","ANO3"
"K04633","GNAL"
"K21914","KCTD17"
"K06238","COL6A3"
"K14959","KMT2B"
"K07512","MECR"
"K20180","VPS16"
"K09606","AOPEP"
"K00072","SPR"
"K01832","TBXAS1"
"K08828","ICK"
"K19360","NPHP3"
"K20877","NEK8"
"K09365","POU3F3"
"K05035","SLC6A2"
"K04703","SPRED1"
"K05094","FGFR3"
"K01275","CTSC"
"K01371","CTSK"
"K22040","TRPS1"
"K02366","EXT1"
"K15162","MED12"
"K01027","OXCT1"
"K03917","F13A1"
"K03906","F13B"
"K06765","DCC"
"K24503","SP110"
"K00572","WNT7A"
"K06752","HLA-DRB1"
"K18024","PTPN22"
"K08060","CIITA"
"K06582","CD244"
"K08202","SLC22A4"
"K09446","IRF5"
"K09256","NFKBIL1"
"K05443","IL10"
"K05405","IL6"
"K07253","MIF"
"K04692","STAT3"
"K07360","ZAP70"
"K05745","DIAPH3"
"K18914","FDXR"
"K00497","CYP11B1"
"K07433","CYP11B2"
"K09298","HOXD13"
"K17307","FBLN1"
"K06464","ITGB2"
"K15279","SLC35C1"
"K17084","FERMT3"
"K07860","RAC2"
"K04727","AIFM1"
"K09341","MSX1"
"K09382","PAX9"
"K01357","WNT10A"
"K03068","LRP6"
"K23318","GREM2"
"K08023","LTBP3"
"K05480","EDA"
"K19539","SECISBP2"
"K07998","MMP19"
"K15185","AFF4"
"K01324","KLKB1"
"K05605","HIBCH"
"K04837","SCN4A"
"K19937","RAB3GAP2"
"K05126","RET"
"K06624","CDKN1B"
"K08045","ADCY5"
"K12564","SGCG"
"K12565","SGCA"
"K12566","SGCB"
"K12563","SGCD"
"K06672","NIPBL"
"K06636","SMC1A"
"K06669","SMC3"
"K06670","RAD21"
"K11405","HDAC8"
"K08789","MAST1"
"K04803","CHRNA1"
"K04812","CHRNB1"
"K04816","CHRND"
"K04817","CHRNE"
"K00623","CHAT"
"K19902","SYT2"
"K06254","AGRN"
"K05129","MUSK"
"K24038","DOK7"
"K24924","RAPSN"
"K00820","GFPT1"
"K01001","DPAGT1"
"K03843","ALG2"
"K07441","ALG14"
"K20051","LRP4"
"K18211","SNAP25"
"K16617","COL13A1"
"K14387","SLC5A7"
"K14636","SLC18A3"
"K22582","PREPL"
"K15100","SLC25A1"
"K10360","MYO9A"
"K03986","TNFA"
"K22628","IL-16"
"K03348","ANAPC1"
"K08774","TGFA"
"K13769","IGF2"
"K05087","IGF1R"
"K04377","MYC"
"K06618","RB1"
"K11126","TERT"
"K06621","p16"
"K01110","PTEN"
"K04388","TGFBR2"
"K02432","FZD7"
"K02105","CTNNB1"
"K02157","AXIN1"
"K10456","KEAP1"
"K05638","NFE2L2"
"K05460","HGF"
"K05099","MET"
"K11653","ARID1A"
"K11765","ARID2"
"K05121","TEK"
"K12968","ADAR"
"K01059","LPL"
"K22287","APOC2"
"K20001","GPIHBP1"
"K23555","LMF1"
"K09025","APOA5"
"K05162","EDAR"
"K23324","EDARADD"
"K23346","KDF1"
"K13646","PLOD3"
"K00232","ACOX1"
"K12876","RBM8A"
"K19719","COL2A1"
"K19721","COL11A1"
"K05006","KCNJ13"
"K06793","CSPG2"
"K06823","COL18A1"
"K08546","NR2E3"
"K13878","BEST1"
"K02263","COX4I2"
"K04664","GDF5"
"K24359","MFRP"
"K25292","TMEM98"
"K04510","VANGL1"
"K02161","Bcl-2"
"K04728","ATM"
"K04390","Fas"
"K08550","ESR1"
"K10352","MYH9"
"K09234","EWSR1-WT1"
"K06580","RHAG"
"K11430","EZH2"
"K04498","CREBBP"
"K04639","GNA13"
"K04346","GNAI2"
"K05152","TNFRSF14"
"K15618","BCL6"
"K07367","CARD11"
"K06506","CD79A"
"K06507","CD79B"
"K11859","TNFAIP3"
"K04729","MYD88"
"K04685","CDKN2B"
"K24501","PRDM1"
"K09187","MLL2"
"K09188","MLL3"
"K08055","B2M"
"K06492","CD58"
"K09261","MEF2B"
"K07201","FOXO1"
"K23845","KBP"
"K25392","CCDC88A"
"K13990","FTCD"
"K11222","STAT4"
"K04686","PITX2"
"K22937","CHS1"
"K10357","MYO5A"
"K07885","RAB27A"
"K22235","MLPH"
"K05692","ACTB"
"K10051","CEBPE"
"K10789","MPO"
"K00036","G6PD"
"K14574","SBDS"
"K01948","CPS1"
"K07621","GJB2"
"K05646","ABCA12"
"K15589","ARNT2"
"K17805","PAM16"
"K13122","FRG1"
"K23113","SMCHD1"
"K23220","LRIF1"
"K17399","DNMT3B"
"K01689","ENO3"
"K11661","SRCAP"
"K04251","OPN1LW"
"K04252","OPN1SW"
"K09260","MEF2A"
"K04192","CX3CR1"
"K15048","KALRN"
"K01394","MMP3"
"K06259","CD36"
"K00016","LDHA"
"K04365","BRAF"
"K04368","MAP2K1"
"K08845","ARAF"
"K04369","MAP2K2"
"K07827","KRAS"
"K07828","NRAS"
"K05081","PRLR"
"K00451","HGD"
"K06522","IGSF3"
"K09398","FOXE3"
"K01915","GLUL"
"K09295","HOXD10"
"K04228","AVPR2"
"K09451","ALX4"
"K12321","GUCY2D"
"K11158","RPE65"
"K19655","SPATA7"
"K24828","LCA5"
"K16512","RPGRIP1"
"K09337","CRX"
"K16681","CRB1"
"K06210","NMNAT1"
"K16533","CEP290"
"K00088","IMPDH1"
"K25404","RD3"
"K11153","RDH12"
"K00678","LRAT"
"K19600","TULP1"
"K20012","GDF6"
"K17343","PRPH2"
"K11844","USP45"
"K21999","INSL3"
"K22402","GZF1"
"K05250","FSHB"
"K24369","ZC4H2"
"K00750","GYG1"
"K01328","F12"
"K06225","PTCH1"
"K06229","SUFU"
"K06226","SMO"
"K04385","Axin2"
"K18490","OTX2"
"K16684","NF2"
"K06643","MDM2"
"K11447","KDM6A"
"K11101","PTCH2"
"K00022","HADH"
"K19407","WTX"
"K08775","BRCA2"
"K08109","GPC3"
"K09368","POU6F2"
"K09222","REST"
"K20278","INPP5E"
"K19385","TMEM216"
"K16740","AHI1"
"K19657","NPHP1"
"K19348","TMEM67"
"K16550","RPGRIP1L"
"K07962","ARL13B"
"K19352","CC2D2A"
"K16480","OFD1"
"K19673","TTC21B"
"K18806","KIF7"
"K19382","TECT1"
"K22765","TMEM237"
"K16455","CEP41"
"K22867","TMEM138"
"K22859","C5orf42"
"K22870","ZNF423"
"K19362","TMEM231"
"K16771","CSPP1"
"K13758","PDE6D"
"K22865","JBTS23"
"K19361","TCTN2"
"K16458","CEP104"
"K22858","JBTS26"
"K16744","B9D1"
"K19332","MKS1"
"K22764","TMEM107"
"K22864","ARMC9"
"K16459","CEP120"
"K16538","PIBF1"
"K16745","B9D2"
"K07944","ARL3"
"K24653","FAM149B1"
"K24886","TOGARAM1"
"K21765","JBTS38"
"K19679","IFT74"
"K01292","CPN1"
"K25454","CFC1"
"K05495","GDF1"
"K04382","PPP2CA"
"K07905","RAB11B"
"K14780","DHX37"
"K13145","INTS8"
"K23112","BRAT1"
"K23292","LNPK"
"K06051","DLL1"
"K22991","WDR45B"
"K24788","HPDL"
"K00844","HK1"
"K04436","MAPK8IP3"
"K10486","NACC1"
"K12791","ARHGEF2"
"K18040","PTPN23"
"K01581","ODC1"
"K20303","TRAPPC4"
"K14944","NOVA2"
"K13133","GEMIN5"
"K15170","MED27"
"K00600","SHMT2"
"K06755","ROBO3"
"K14620","SLC52A3"
"K22117","SLC52A2"
"K10388","PLEC1"
"K10080","LMAN1"
"K20364","MCFD2"
"K14410","ACP2"
"K01968","MCCC1"
"K01969","MCCC2"
"K04362","FGFR1"
"K05093","FGFR2"
"K14998","SURF1"
"K23755","SCO2"
"K02257","COX10"
"K07152","SCO1"
"K17964","LRPPRC"
"K02259","COX15"
"K02267","COX6B1"
"K18189","TACO1"
"K18178","COA5"
"K18181","COX14"
"K18184","COX20"
"K18186","PET100"
"K18179","COA6"
"K18175","COA3"
"K02273","COX8A"
"K23506","APOPT1"
"K02266","COX6A2"
"K18188","PET117"
"K02264","COX5A"
"K03948","NDUFA4"
"K18190","FASTKD2"
"K02256","MT-CO1"
"K02261","MT-CO2"
"K02262","MT-CO3"
"K06247","LAMC3"
"K11067","NAGS"
"K00611","OTC"
"K01940","ASS1"
"K01755","ASL"
"K01476","ARG1"
"K15101","SLC25A15"
"K15105","SLC25A13"
"K01444","AGA"
"K10381","DSP"
"K21841","TBC1D24"
"K14020","WFS1"
"K23882","CISD2"
"K05147","TNFRSF11A"
"K14381","SQSTM1"
"K05148","TNFRSF11B"
"K24375","ZNF687"
"K04961","RYR1"
"K09273","UBTF"
"K00831","PSAT1"
"K00733","B4GALT7"
"K00734","B3GALT6"
"K14719","SLC39A13"
"K25430","LGI4"
"K07296","ADIPOQ"
"K09228","ZFP57"
"K19485","PLAGL1"
"K05032","ABCC8"
"K05004","KCNJ11"
"K23398","TRIP4"
"K18666","ASCC1"
"K00281","GLDC"
"K00605","AMT"
"K02437","GCSH"
"K04855","CACNA1H"
"K04612","CASR"
"K04865","CACNB4"
"K05011","CLCN2"
"K05175","GABRA1"
"K23967","SLC12A5"
"K08533","RORB"
"K04936","KCNMA1"
"K06230","GLI3"
"K08900","BCS1L"
"K04456","AKT1"
"K10875","RAD54L"
"K10877","RAD54B"
"K04400","CASP10"
"K07818","PRF1"
"K14440","SMARCAL1"
"K05012","CLCN5"
"K00253","IVD"
"K01099","OCRL1"
"K23859","PLEKHG2"
"K01084","G6PC"
"K08171","SLC37A4"
"K01196","AGL"
"K00700","GBE1"
"K00688","PYGL"
"K07190","PHKA2"
"K00871","PHKG2"
"K00693","GYS2"
"K09036","MAFB"
"K04926","KCNQ1"
"K04894","KCNE1"
"K11086","SNRPB"
"K24185","KIF21A"
"K09330","PHOX2A"
"K24356","COL25A1"
"K02332","POLG"
"K03469","RNASEH1"
"K00857","TK2"
"K00904","DGUOK"
"K03165","TOP3A"
"K08031","PAX6"
"K08562","NR0B1"
"K14425","SLC12A1"
"K04995","KCNJ1"
"K05018","CLCNKB"
"K19331","BSND"
"K24127","MAGED2"
"K09103","EBF3"
"K01488","ADA"
"K10628","RAG-1"
"K10988","RAG-2"
"K10887","DCLRE1C"
"K00939","AK2"
"K06642","PRKDC"
"K01469","OPLAH"
"K15294","CPLX1"
"K04496","CTBP1"
"K17800","LETM1"
"K11424","NSD2"
"K09323","ALX3"
"K04298","P2RY12"
"K06264","GP6"
"K04264","TBXA2R"
"K05699","ACTN1"
"K06476","ITGA2B"
"K09223","GFI1B"
"K12361","RASGRP2"
"K24445","SLFN14"
"K09436","FLI1"
"K05111","EPHB2"
"K06493","ITGB3"
"K06481","ITGA2"
"K00227","SC5DL"
"K06825","FBN1"
"K20630","CHN1"
"K04857","CACNA1S"
"K04996","KCNJ2"
"K19054","frataxin"
"K01131","STS"
"K12373","HEXB"
"K08848","RIPK4"
"K01490","AMPD1"
"K06759","CNTN1"
"K05738","MYL1"
"K09064","MYOD1"
"K21073","ACTN2"
"K12557","MYBPC1"
"K09381","PAX7"
"K15516","FXR1"
"K06115","SPTBN4"
"K01764","HCCS"
"K02271","COX7B"
"K11351","NDUFB11"
"K04361","EGFR"
"K08528","RAR-beta"
"K01522","FHIT"
"K09850","RASSF1"
"K05119","EML4-ALK"
"K05088","CD74-ROS1,SLC34A2-ROS1"
"K06103","CASK"
"K05034","SLC6A1"
"K00819","OAT"
"K12584","DCPS"
"K10178","TBX4"
"K05083","ERBB2"
"K11987","COX2"
"K22503","DARS1"
"K03994","C5"
"K03995","C6"
"K03996","C7"
"K03997","C8"
"K03998","C8"
"K03999","C8"
"K04000","C9"
"K08131","COL9A1"
"K10888","FANCA"
"K10889","FANCB"
"K10890","FANCC"
"K10891","FANCD2"
"K10892","FANCE"
"K10893","FANCF"
"K10894","FANCG"
"K10895","FANCI"
"K15362","BRIP1"
"K10606","FANCL"
"K10896","FANCM"
"K10897","PALB2"
"K10870","RAD51C"
"K10484","SLX4"
"K10848","ERCC4"
"K04482","RAD51"
"K10605","BRCA1"
"K13960","UBE2T"
"K10879","XRCC2"
"K13728","MAD2L2"
"K15691","RFWD3"
"K05041","SLC6A8"
"K00602","ATIC"
"K04249","TSHR"
"K09293","PAX8"
"K05251","TSHB"
"K09345","NKX2-5"
"K05547","THRA"
"K04282","TRHR"
"K04508","TBL1X"
"K17446","IRS4"
"K04687","IFNG"
"K05132","IFNGR1"
"K05133","IFNGR2"
"K12347","SLC11A1"
"K08539","VDR"
"K03991","MBL"
"K14624","CCL2"
"K06563","CD209"
"K04701","CISH"
"K14139","IRGM"
"K05403","TIRAP"
"K10159","TLR2"
"K08563","NR0B2"
"K16337","SDC3"
"K05228","POMC"
"K05254","GHRL"
"K08530","PPARG"
"K25453","CARTPT"
"K17962","PPARGC1B"
"K09100","SIM1"
"K01513","ENPP1"
"K04142","ADRB2"
"K04143","ADRB3"
"K05231","AGRP"
"K04202","MC4R"
"K08769","UCP1"
"K15103","UCP3"
"K04201","MC3R"
"K08425","FFAR4"
"K05047","SLC6A14"
"K01359","PCSK1"
"K19469","FTO"
"K08771","AQP7"
"K08043","ADCY3"
"K06255","HSPG2"
"K08112","GPC6"
"K02367","EXT2"
"K01077","ALPL"
"K12886","HNRNPK"
"K15624","SYT-SSX1"
"K15625","SYT-SSX2"
"K05644","ABCA4"
"K24069","PITPNM3"
"K15291","RIMS1"
"K06834","ADAM9"
"K06521","SEMA4A"
"K09333","RAX2"
"K06532","PROM1"
"K08328","GUCA1A"
"K16501","CDHR1"
"K25226","C8orf37"
"K07915","RAB28"
"K16602","TTLL5"
"K16482","POC1B"
"K21956","DRAM2"
"K19607","RPGR"
"K04853","CACNA1F"
"K13757","PDE6C"
"K13760","PDE6H"
"K04935","KCNV2"
"K04861","CACNA2D4"
"K07748","NSDHL"
"K08559","EWSR1-NR4A3"
"K05438","GH1"
"K04584","GHRHR"
"K07370","BTK"
"K13157","RNPC3"
"K07378","NLGN3"
"K11308","KAT8"
"K10436","MAPRE2"
"K05640","protein"
"K06751","HLA-B"
"K14701","DTDST"
"K11989","IHH"
"K13578","BMPR1B"
"K21283","BMP2"
"K05123","ROR2"
"K04658","NOG"
"K22608","PTHLH"
"K19021","PDE3A"
"K06573","SLC4A1"
"K06584","ITGA8"
"K04358","FGF20"
"K14158","SLC5A1"
"K05097","VEGFR-3"
"K17895","GATA3"
"K04197","EDNRA"
"K19526","COH1"
"K10847","XPA"
"K10843","ERCC3"
"K10838","XPC"
"K10844","ERCC2"
"K10140","DDB2"
"K10610","DDB1"
"K10846","ERCC5"
"K03509","POLH"
"K09270","SOX10"
"K00327","POR"
"K22382","WDR26"
"K04919","KCNK9"
"K11840","USP9Y"
"K19528","SYCP3"
"K16824","FCGR2C"
"K13273","PMVK"
"K00869","MVK"
"K01597","MVD"
"K12303","SLC17A9"
"K00787","FDPS"
"K03331","DCXR"
"K04834","SCN2A"
"K04840","SCN8A"
"K19873","FKRP"
"K09866","AQP4"
"K04344","CACNA1A"
"K18274","UMOD"
"K06568","MUC1"
"K01380","REN"
"K10956","SEC61A1"
"K08034","HNF1B"
"K00476","ASPH"
"K12473","LDLR"
"K13050","PCSK9"
"K12474","LDLRAP1"
"K05683","ABCG5"
"K05684","ABCG8"
"K00650","LCAT"
"K05641","ABCA1"
"K08757","APOA1"
"K13338","PEX1"
"K06664","PEX2"
"K13340","PEX26"
"K13765","RGS9"
"K25405","RGS9BP"
"K01052","LIPA"
"K10901","BLM"
"K24437","TSPEAR"
"K13902","CST6"
"K04513","RHOA"
"K11375","ELP4"
"K12020","TRIM44"
"K00968","PCYT1A"
"K04905","KCNH2"
"K20365","ERGIC1"
"K19326","SYNE1"
"K17541","SCYL2"
"K01379","CTSD"
"K24275","FAM111B"
"K00235","SDHB"
"K00237","SDHD"
"K23389","KLLN"
"K14006","SEC23B"
"K10398","KIF11"
"K15616","EYA1"
"K12865","PQBP1"
"K07410","CYP1B1"
"K04528","alpha"
"K24201","beta"
"K08844","2"
"K01201","acid"
"K23573","DSPP"
"K01556","KYNU"
"K23803","YY1AP1"
"K14385","SLC5A5"
"K00431","TPO"
"K14702","SLC26A4"
"K09401","FOXI1"
"K17231","IYD"
"K17232","DUOXA2"
"K10809","TG"
"K13411","DUOX2"
"K16931","STAR"
"K00070","HSD3B2"
"K00513","CYP21A2"
"K00512","CYP17A1"
"K02324","POLE"
"K24455","TTPA"
"K07990","SH2D1A"
"K04725","XIAP"
"K00615","TKT"
"K11224","STAT5B"
"K12309","GLB1"
"K06854","THPO"
"K05082","MPL"
"K08057","CALR"
"K12459","SH2B3"
"K21852","DOCK8"
"K24852","ZNF341"
"K05060","IL6ST"
"K05055","IL6R"
"K11219","TYK2"
"K01836","PGM3"
"K14001","SIL1"
"K11217","JAK1"
"K25437","OXR1"
"K24768","MYRF"
"K06625","p21"
"K02089","CDK4"
"K10588","UBE3B"
"K01464","DPYS"
"K10269","FBXL3"
"K06176","PUS7"
"K12495","IQSEC1"
"K17908","WIPI2"
"K23681","SLURP1"
"K09083","ATOH7"
"K00746","CSGALNACT1"
"K04953","CNGB3"
"K10249","ELOVL4"
"K04962","RYR2"
"K23445","CASQ2"
"K24219","TECRL"
"K02183","CALM1"
"K23449","TRDN"
"K23217","SETBP1"
"K13822","HBA1"
"K13823","HBB"
"K13824","HBG1"
"K10779","ATRX"
"K21596","CAMTA1"
"K00473","PLOD"
"K00252","GCDH"
"K03522","ETFA"
"K03521","ETFB"
"K00311","ETFDH"
"K18703","SUGCT"
"K05061","CSF3R"
"K11471","ASXL1"
"K00894","ETNK1"
"K24309","TET2"
"K12891","SRSF2"
"K08367","RUNX1"
"K04707","CBL"
"K05092","FLT3"
"K09055","CEBPA"
"K00031","IDH2"
"K02599","NOTCH1"
"K04677","SMAD6"
"K06784","ROBO4"
"K10165","NOD2"
"K25217","LMBR1"
"K00500","PAH"
"K00357","QDPR"
"K01737","PTS"
"K01724","PCBD1"
"K08601","CYLD1"
"K05612","SLC1A1"
"K04630","GNAI3"
"K05858","PLCB4"
"K16366","EDN1"
"K08450","ADGRG1"
"K22913","FIG4"
"K00888","PI4KA"
"K10173","EOMES"
"K19720","COL3A1"
"K01835","PGM1"
"K20398","MAPBPIP"
"K20396","TBC1D7"
"K00921","PIP5K3"
"K09995","NKX3-2"
"K00826","BCAT2"
"K04533","huntingtin"
"K15603","TCF4"
"K07380","CNTNAP2"
"K07377","NRXN1"
"K00515","BCMO1"
"K01315","PLG"
"K06754","ROBO2"
"K04495","SOX17"
"K06252","TNXB"
"K22183","TERC"
"K10867","NBN"
"K11463","SUZ12"
"K19532","LBR"
"K17271","PLP1"
"K07619","GJC2"
"K15437","AIMP1"
"K04077","HSPD1"
"K21844","FAM126A"
"K03018","POLR3A"
"K03021","POLR3B"
"K01887","RARS"
"K00286","PYCR2"
"K03027","POLR1C"
"K20179","VPS11"
"K23327","HIKESHI"
"K12162","UFM1"
"K14163","EPRS1"
"K25048","TMEM106B"
"K15438","AIMP2"
"K04712","DEGS1"
"K21989","TMEM63A"
"K01121","CNP"
"K03019","POLR3K"
"K06087","CLDN11"
"K06537","CD151"
"K17780","TIMM8A"
"K06538","CTLA-4"
"K07604","KRT16"
"K07605","KRT6A"
"K08670","ST14"
"K16472","HYLS1"
"K04575","ALS2"
"K14209","SLC36A2"
"K05334","SLC6A19"
"K05048","SLC6A20"
"K02126","MT-ATP6"
"K02125","MT-ATP8"
"K00412","MT-CYB"
"K03882","MT-ND4L"
"K11538","ACAD8"
"K18168","SDHAF2"
"K00236","SDHC"
"K00234","SDHA"
"K15104","SLC25A11"
"K00658","DLST"
"K14640","SLC20A2"
"K05089","PDGFRB"
"K17386","PDGFB"
"K24195","XPR1"
"K24727","MYORG"
"K06735","JAM2"
"K00542","GAMT"
"K13356","FAR1"
"K10790","TREX1"
"K22544","SAMHD1"
"K17288","TACSTD2"
"K23971","FRMD7"
"K08470","GPR143"
"K13534","PNPLA3"
"K25361","TM6SF2"
"K13516","MBOAT7"
"K05473","RANKL"
"K11253","H3F3A"
"K20476","RIC1"
"K24853","ZNF462"
"K05242","AVP"
"K11131","DKC1"
"K13907","CSTB"
"K04739","PRKAR1A"
"K13293","PDE4D"
"K07542","PIGV"
"K05288","PIGO"
"K23552","PGAP2"
"K23553","PGAP3"
"K05283","PIGW"
"K11001","PIGY"
"K23457","CDSN"
"K05622","TGM5"
"K09672","CHST8"
"K13965","SERPINB8"
"K10384","FLG2"
"K04281","CAST"
"K16499","PCDH12"
"K09310","GSX2"
"K23964","FAM58A"
"K24430","ADAMTSL2"
"K19605","EVC1"
"K19608","EVC2"
"K19871","SALL1"
"K22154","DACT1"
"K12959","CAV3"
"K23539","UNC119"
"K06503","TFRC"
"K05763","MSN"
"K07362","LAT"
"K09253","RELB"
"K05075","IL21R"
"K09042","BACH2"
"K12330","ARHGEF1"
"K04350","RASGRP1"
"K22525","MRTFA"
"K15046","IVNS1ABP"
"K05750","NCKAP1L"
"K20042","FCHO1"
"K01280","TPP2"
"K06454","CD4"
"K07361","LCP2"
"K05855","SYK"
"K09220","IKZF3"
"K09596","SPPL2A"
"K20072","DEF6"
"K13964","SERPINB7"
"K07206","TSC1"
"K12803","MEFV"
"K07985","MICA"
"K21421","CYBB"
"K08009","CYBA"
"K08011","NCF1"
"K06517","CD96"
"K10900","WRN"
"K11866","STAMBP"
"K00181","PORCN"
"K08231","SLC16A2"
"K08816","VRK1"
"K03681","EXOSC3"
"K12586","EXOSC8"
"K03678","EXOSC9"
"K03454","SLC25A46"
"K07573","EXOSC1"
"K15326","TSEN54"
"K15322","TSEN2"
"K15323","TSEN34"
"K03341","SEPSECS"
"K20299","VPS53"
"K15324","TSEN15"
"K16882","PCLO"
"K13202","TOE1"
"K12197","CHMP1A"
"K14399","CLP1"
"K22555","TBC1D23"
"K02318","COASY"
"K20296","VPS51"
"K12733","PPIL1"
"K12816","CDC40"
"K03103","MINPP1"
"K10175","TBX1"
"K18419","DGCR8"
"K13118","ESS2"
"K01623","ALDOB"
"K03108","SRP72"
"K20098","ERCC6L2"
"K09506","DNAJC21"
"K11865","MYSM1"
"K10127","MDM4"
"K00121","ADH5"
"K22403","ZMIZ1"
"K11448","KDM6B"
"K11728","BPTF"
"K10523","SPOP"
"K03362","FBXW11"
"K03097","CSNK2A1"
"K04506","SIAH1"
"K01189","GLA"
"K16342","PLA2G4A"
"K04131","CHRM3"
"K00807","LTC4S"
"K09637","TMPRSS6"
"K16059","STIM1"
"K16056","ORAI1"
"K04001","C1NH"
"K05465","ANGPT1"
"K03898","KNG1"
"K22125","MYOF"
"K09679","HS3ST6"
"K15732","CTDP1"
"K23344","DDRGK1"
"K23332","RSPRY1"
"K01376","UFSP2"
"K02873","RPL13"
"K19009","SIK3"
"K06792","ACAN"
"K05304","NANS"
"K09257","TONSL"
"K08118","BGN"
"K07994","MMP13"
"K10613","CUL7"
"K19574","OBSL1"
"K17561","CCDC8"
"K15445","TRMT10A"
"K17558","PPP1R15B"
"K03644","LIAS"
"K08758","APOA2"
"K08726","EPHX2"
"K05080","GHR"
"K08067","PPP1R17"
"K05401","TLR3"
"K12172","RANBP2"
"K08766","CPT2"
"K03174","TRAF3"
"K05842","TICAM1"
"K05411","IRF3"
"K05410","TBK1"
"K14317","NUP214"
"K18328","DBR1"
"K09396","FOXC2"
"K09993","CDKN1C"
"K05747","WASP"
"K25138","ANKRD26"
"K16309","MASTL"
"K17698","FYB"
"K08738","CYCS"
"K03211","ETV6"
"K05704","SRC"
"K09182","GATA1"
"K04380","MAPT"
"K04505","PSEN1"
"K23879","GRN"
"K13525","VCP"
"K12192","CHMP2B"
"K07210","IKBKG"
"K04734","IKBA"
"K09266","SRY"
"K08560","NR5A1"
"K11451","CBX2"
"K04416","MAP3K1"
"K11990","DHH"
"K00089","AKR1C2"
"K00037","AKR1C4"
"K17442","ZFPM2"
"K18435","SOX9"
"K09448","TEAD1"
"K16816","PNPLA2"
"K04525","SERPINA6"
"K23713","STAC3"
"K06550","L1CAM"
"K01204","NAGA"
"K21768","TBCE"
"K16797","GLI1"
"K14536","EFL1"
"K01313","F2"
"K14211","ELN"
"K05743","LIMK1"
"K10422","CLIP2"
"K10755","RFC2"
"K03121","GTF2I"
"K24086","EIF4H"
"K23325","TBL2"
"K09113","MLXIPL"
"K09572","FKBP6"
"K11658","BAZ1B"
"K19374","DNAJC30"
"K02842","FZD9"
"K04560","STX1A"
"K08694","SPDYE1"
"K15264","NSUN5"
"K13703","ABHD11"
"K12024","TRIM50"
"K12185","VPS37D"
"K19306","WBSCR22"
"K00710","WBSCR16"
"K23495","WBSCR17"
"K24419","WBSCR27"
"K23331","C2orf37"
"K12350","SMPD1"
"K05859","PLCG2"
"K07617","GJA8"
"K23483","CRYGC"
"K23482","CRYBB2"
"K09417","HSF4"
"K05103","EPHA2"
"K09541","CRYAA"
"K09357","PITX3"
"K10379","BFSP2"
"K00742","GCNT2"
"K07612","GJA3"
"K09863","MIP"
"K09542","CRYAB"
"K21954","FYCO1"
"K24190","LIM2"
"K09035","MAF"
"K07606","VIM"
"K12194","CHMP4B"
"K10378","BFSP1"
"K18405","TDRD7"
"K09881","AGK"
"K24144","NHS"
"K21991","UNC45B"
"K01852","LSS"
"K17703","SIPA1L3"
"K24080","LEMD2"
"K11810","SLC16A12"
"K20705","DNMBP"
"K24265","PANK4"
"K01712","UROC1"
"K06789","CLMP"
"K09452","ARX"
"K00669","AANAT"
"K02295","CRY1"
"K18270","RAB3GAP1"
"K07910","RAB18"
"K20372","TBC1D20"
"K04247","FSHR"
"K05498","BMP15"
"K06695","PSMC3IP"
"K10738","MCM9"
"K22495","SOHLH1"
"K14301","NUP107"
"K17401","MRPS22"
"K08551","ESR2"
"K14342","SLC10A2"
"K14361","SLC51B"
"K01166","RNASET2"
"K23100","HJV"
"K23106","HAMP"
"K23910","TFR2"
"K14685","SLC40A1"
"K00522","FTH1"
"K06640","ATR"
"K08214","SLC22A18"
"K11592","DICER1"
"K08573","CAPN3"
"K13649","FOLR1"
"K07363","ITK"
"K10603","AIRE"
"K10163","FOXP3"
"K14576","RMRP"
"K01332","C2"
"K03989","C4"
"K03156","TNF-alpha"
"K06472","Fc"
"K12560","Fc"
"K06463","Fc"
"K16143","CRP"
"K11994","DNASE1"
"K10168","TLR5"
"K06744","PDCD1"
"K04012","CR2"
"K11995","DNASE1L3"
"K17339","ATL1"
"K13254","SPAST"
"K07430","CYP7B1"
"K19364","NIPA1"
"K09552","SPG7"
"K18464","WSHC5"
"K12657","ALDH18A1"
"K10396","KIF5A"
"K19026","SPG11"
"K20722","RTN2"
"K19027","ZFYVE26"
"K19365","BSCL2"
"K23341","ERLIN2"
"K19366","SPG20"
"K19367","SPG21"
"K00725","B4GALNT1"
"K13619","DDHD1"
"K17338","REEP1"
"K19368","ZFYVE27"
"K19703","FA2H"
"K14676","PNPLA6"
"K03372","SLC33A1"
"K23168","MPAN"
"K01081","NT5C2"
"K17108","GBA2"
"K12401","AP4B1"
"K19025","AP5Z1"
"K23881","TECPR2"
"K12400","AP4M1"
"K12402","AP4E1"
"K12403","AP4S1"
"K16545","DDHD2"
"K23498","COXPD7"
"K07422","CYP2U1"
"K09292","TFG"
"K24864","ARL6IP1"
"K01510","ENTPD1"
"K19524","CPT1C"
"K22073","IBA57"
"K06771","MAG"
"K01367","CAPN1"
"K01889","FARS2"
"K13526","ATP13A2"
"K05611","UCHL1"
"K24629","UBAP1"
"K00993","SELENOI"
"K00967","PCYT2"
"K05209","GRIN2A"
"K06526","ENG"
"K13594","ACVRL1"
"K05503","GDF2"
"K04501","SMAD4"
"K12389","CLN3"
"K02147","ATP6V1B1"
"K02154","ATP6V0A4"
"K15168","MED25"
"K00312","WNT3"
"K23097","RSPO2"
"K18245","CA2"
"K00249","ACADM"
"K01134","ARSA"
"K12382","PSAP"
"K13289","CTSA"
"K08132","COL12A1"
"K01079","PSPH"
"K23092","MAB21L1"
"K11367","CHD1"
"K01555","FAH"
"K00815","TAT"
"K00457","HPD"
"K24051","SPRTN"
"K08825","DYRK1B"
"K01346","CELA2A"
"K04511","PRICKLE1"
"K14165","EPM2A"
"K10602","NHLRC1"
"K21917","KCTD7"
"K12384","SCARB2"
"K08496","GOSR2"
"K04887","KCNC1"
"K04710","CERS1"
"K07611","LMNB2"
"K20797","PRDM8"
"K06842","SEMA6B"
"K09653","COSMC"
"K12311","MAN2B1"
"K14568","EMG1"
"K01590","HDC"
"K01020","CHST3"
"K10570","ERCC8"
"K10841","ERCC6"
"K10845","GTF2H5"
"K10849","ERCC1"
"K20731","TTR"
"K04659","COMP"
"K12044","TNNI3"
"K12045","TNNT2"
"K22028","MYPN"
"K10402","KIF20A"
"K07610","DES"
"K12314","ACTC"
"K07953","SAR1B"
"K00758","TYMP"
"K10808","RRM2B"
"K05740","DIAPH1"
"K04929","KCNQ4"
"K07622","GJB3"
"K07625","GJB6"
"K06499","CEACAM16"
"K22146","GSDME"
"K09371","LMX1A"
"K18273","TECTA"
"K23574","COCH"
"K17622","EYA4"
"K10359","MYO7A"
"K09366","POU4F3"
"K10358","MYO6"
"K15614","SIX1"
"K12302","SLC17A8"
"K09275","GRHL2"
"K12800","NLRP3"
"K21988","TMC1"
"K18258","CRYM"
"K05216","P2RX2"
"K17114","MIR96"
"K10522","DIABLO"
"K06546","CD164"
"K20174","OSBPL2"
"K15010","HOMER2"
"K05461","KITLG"
"K02540","MCM2"
"K24155","DMXL2"
"K15377","SLC44A4"
"K16910","PTPRQ"
"K13755","PDE1C"
"K08874","TRRAP"
"K17275","PLS1"
"K05665","ABCC1"
"K10951","SLC12A2"
"K00507","SCD5"
"K23538","ELMOD3"
"K05637","LAMA2"
"K00948","PRPS1"
"K18261","DYSF"
"K21891","TMCO1"
"K01330","C1R"
"K01331","C1S"
"K12794","CARD9"
"K10074","CLEC7A"
"K05164","IL17RA"
"K05494","IL17F"
"K11220","STAT1"
"K21124","TRAF3IP2"
"K05166","IL17RC"
"K00736","MGAT2"
"K01228","GCS1"
"K07966","B4GALT1"
"K20294","COG7"
"K15272","SLC35A1"
"K20288","COG1"
"K20295","COG8"
"K20292","COG5"
"K20291","COG4"
"K23541","TMEM165"
"K20293","COG6"
"K14714","SLC39A8"
"K23543","CCDC115"
"K23542","TMEM199"
"K20289","COG2"
"K19514","ATP6AP2"
"K03662","ATP6AP1"
"K10086","EDEM3"
"K04985","PKD1"
"K04986","PKD2"
"K05546","GANAB"
"K19865","PKHD1"
"K16470","DZIP1L"
"K09517","DNAJB11"
"K20995","NOTCH3"
"K09821","AGT"
"K01283","ACE"
"K04166","AGTR1"
"K15608","PAX2"
"K10055","ZBTB16"
"K07594","IPF1"
"K09073","PTF1A"
"K05810","LACC1"
"K01710","TGDS"
"K19467","MATN3"
"K09668","LARGE"
"K24889","IRX5"
"K05666","ABCC2"
"K20646","ARHGAP31"
"K06053","RBPJ"
"K18134","EOGT"
"K10366","DMD"
"K05768","GSN"
"K24242","UMPH1"
"K04904","KCNH1"
"K04944","KCNN3"
"K09053","EWSR1-ATF1"
"K06059","ADAM17"
"K00927","PGK1"
"K01803","TPI1"
"K01810","GPI"
"K01837","BPGM"
"K22428","FGF23"
"K23286","NBEAL2"
"K02633","PER2"
"K08959","CSNK1D"
"K21945","PER3"
"K04004","CFH"
"K05634","PRNP"
"K19530","HDL2"
"K03120","HDL4"
"K06173","PUS1"
"K01866","YARS2"
"K22068","ISCU"
"K23309","ZNHIT3"
"K04248","LHCGR"
"K15225","TTF1"
"K01772","FECH"
"K03544","CLPX"
"K01719","UROS"
"K01599","UROD"
"K00643","ALAS2"
"K13624","CP"
"K09479","ACADVL"
"K13339","RNU4ATAC"
"K09680","PANK2"
"K05079","EPOR"
"K03871","VHL"
"K09592","EGLN1"
"K09095","EPAS1"
"K05437","EPO"
"K01217","IDUA"
"K24145","BHLHA9"
"K10871","RAD51D"
"K23531","CABP4"
"K15297","RIMS2"
"K07438","CYP27B1"
"K07419","CYP2R1"
"K09171","NFIX"
"K17686","ATP7A"
"K04427","MAP3K7"
"K17751","MYH7"
"K14365","FHL1"
"K05648","ABCA5"
"K21398","NRAMP2"
"K10142","STEAP3"
"K01593","DDC"
"K11650","SMARCD2"
"K07434","CYP19A1"
"K18442","ARFGEF2"
"K25139","ERMARD"
"K13305","NEDD4L"
"K07937","ARF1"
"K10429","MAP1B"
"K13524","ABAT"
"K01164","POP1"
"K07293","PTPN11"
"K04366","RAF1"
"K05062","LEPR"
"K00502","TPH2"
"K04157","HTR2A"
"K09571","FKBP5"
"K14078","SLC26A3"
"K23421","SPINT2"
"K08028","NEUROG3"
"K06737","EPCAM"
"K12320","GUCY2C"
"K11155","DGAT1"
"K12040","SLC9A3"
"K00182","WNT2B"
"K17309","PLVAP"
"K13899","CST3"
"K04520","APP"
"K05448","Vascular"
"K04564","Superoxide"
"K01314","F10"
"K04634","GNAQ"
"K25428","LGI1"
"K06249","RELN"
"K05244","GAL"
"K04838","SCN5A"
"K04979","TRPM4"
"K06796","CDH3"
"K07207","TSC2"
"K07298","STK11"
"K22029","PALLD"
"K07933","RABL3"
"K00139","ALDH5A1"
"K01437","ASPA"
"K11648","SMARCB1"
"K11651","SMARCE1"
"K13196","DPF2"
"K11649","SMARCC2"
"K09268","SOX11"
"K23581","SOX4"
"K07436","CYP24A1"
"K18262","EFEMP1"
"K00061","RDH5"
"K19625","RLBP1"
"K04250","RHO"
"K07427","CYP4V2"
"K00626","ACAT1"
"K12394","AP1S1"
"K23093","USB1"
"K04503","D1"
"K06626","E"
"K10706","SETX"
"K01412","PMPCA"
"K19527","VPS13D"
"K01279","TPP1"
"K08869","ADCK3"
"K19327","ANO10"
"K19328","SYT14"
"K19329","WWOX"
"K04603","GRM1"
"K23932","SPTBN2"
"K19330","KIAA0226"
"K09561","STUB1"
"K24939","CWF19L1"
"K05207","GRID2"
"K05742","SLC9A1"
"K17926","SNX14"
"K08876","SCYL1"
"K24509","VWA3B"
"K19619","TDP2"
"K12164","UBA5"
"K08339","ATG5"
"K10803","XRCC1"
"K24997","GDAP2"
"K10761","THG1L"
"K20184","VPS41"
"K06972","PITRM1"
"K08337","ATG7"
"K10862","TDP1"
"K18180","COA7"
"K03903","FGA"
"K13915","LYZ"
"K00858","NADK2"
"K14306","NUP62"
"K14345","SLCO2A1"
"K11450","KDM1A"
"K20091","CHD2"
"K09492","MKKS"
"K12392","AP1B1"
"K04147","DRD4"
"K05840","DRD5"
"K07765","MBTPS2"
"K07197","SREBF1"
"K00274","MAOA"
"K13811","PAPSS2"
"K09478","ACADSB"
"K00128","ALDH2"
"K13951","ADH1B"
"K04215","OPRM1"
"K04145","DRD2"
"K08474","TAS2R16"
"K23310","PHF6"
"K06237","COL4A1"
"K11703","COLGALT1"
"K00789","MAT1A"
"K01251","AHCY"
"K00552","GNMT"
"K00856","ADK"
"K12496","EGR2"
"K06770","MPZ"
"K07379","CNTNAP1"
"K09342","NKX2-1"
"K18264","ITM2B"
"K04524","APOE"
"K04973","TRPV4"
"K13025","EIF4A3"
"K10409","DNAI1"
"K19752","DNAAF3"
"K10408","DNAH5"
"K17570","HYDIN"
"K19868","TXNDC3"
"K11143","DNAI2"
"K19751","KTU"
"K19756","RSPH4A"
"K19757","RSPH9"
"K19750","LRRC50"
"K23729","CCDC39"
"K23730","CCDC40"
"K10411","DNAL1"
"K23731","CCDC103"
"K19759","HEATR2"
"K19753","LRRC6"
"K23732","CCDC114"
"K19754","DRC1"
"K24030","ZMYND10"
"K24125","ARMC4"
"K19755","RSPH1"
"K19758","DYX1C1"
"K24229","C21ORF59"
"K23728","CCDC65"
"K19870","SPAG1"
"K10861","CCNO"
"K23733","CCDC151"
"K23965","RSPH3"
"K19942","GAS8"
"K09519","DNAJB13"
"K24254","TTC25"
"K24253","PIH1D3"
"K24230","CFAP300"
"K25425","LRRC56"
"K24627","GAS2L2"
"K10749","MCIDAS"
"K09402","FOXJ1"
"K20879","NEK10"
"K24652","TTC12"
"K06228","STK36"
"K10148","TP73"
"K17177","MIR184"
"K14610","SLC19A2"
"K05857","PLCD1"
"K23099","RSPO4"
"K16628","COL7A1"
"K02376","FZD6"
"K23409","AHSG"
"K09267","SOX3"
"K00478","HR"
"K14705","SLC26A8"
"K11480","AURKC"
"K16889","CATSPER1"
"K24553","DPY19L2"
"K16938","SEPT12"
"K10448","KLHL10"
"K18741","NANOS1"
"K03129","TAF4B"
"K24081","ZMYND15"
"K19534","SYCE1"
"K21876","SUN5"
"K05861","PLCZ1"
"K24223","CFAP43"
"K24224","CFAP44"
"K11724","BRDT"
"K22420","MEIOB"
"K17540","TEX14"
"K24227","CFAP69"
"K23418","SPINK2"
"K18408","TDRD9"
"K23223","PMFBP1"
"K24228","WDR66"
"K24298","QRICH2"
"K11583","PPP2R3C"
"K24178","TTC21A"
"K24123","ARMC2"
"K24226","CFAP65"
"K24932","CFAP70"
"K24937","TTC29"
"K16767","CEP112"
"K25554","CFAP58"
"K25461","CFAP91"
"K25533","SPAG17"
"K24574","TEX11"
"K25552","CFAP47"
"K01320","F7"
"K01900","SUCLA2"
"K13348","MPV17"
"K17680","PEO1"
"K01899","SUCLG1"
"K19465","MGME1"
"K05863","SLC25A4"
"K10270","FBXL4"
"K17079","OPA1"
"K11830","TFAM"
"K02333","POLG2"
"K02427","MRM2"
"K15110","SLC25A21"
"K13577","SLC25A10"
"K19475","WIPF1"
"K12641","LMNA"
"K14613","SLC46A1"
"K05031","CFTR"
"K13375","TGFB1"
"K23281","VPS33B"
"K23287","VIPAR"
"K00569","TPMT"
"K08632","ADAMTS18"
"K22827","MICU1"
"K08010","NCF2"
"K08012","NCF4"
"K12405","HSD17B4"
"K01796","AMACR"
"K08764","SCP2"
"K19678","IFT80"
"K10414","DYNC2H1"
"K19671","WDR19"
"K10106","GGCX"
"K05357","VKORC1"
"K01135","ARSB"
"K09069","TWIST1"
"K09434","ERF"
"K09224","ZIC1"
"K04711","ACER3"
"K20070","MLC1"
"K23116","HEPACAM"
"K10056","JUP"
"K12642","PKP2"
"K13377","3"
"K07597","DSG2"
"K07601","DSC2"
"K05691","CTNNA3"
"K06736","CDH2"
"K19289","PMP22"
"K19363","LITAF"
"K04572","NEFL"
"K24977","PMP2"
"K06030","MFN2"
"K07897","RAB7A"
"K08073","PNKP"
"K04574","NEFH"
"K01880","GARS"
"K04455","HSPB1"
"K06780","CADM3"
"K18443","GBF1"
"K06052","JAG1"
"K22077","GDAP1"
"K08879","HSPB8"
"K23484","DNM2"
"K01872","AARS"
"K10413","DYNC1H1"
"K10641","LRSAM1"
"K15791","DHTKD1"
"K11997","TRIM2"
"K19036","IGHMBP2"
"K01389","MME"
"K01892","HARS"
"K24135","MORC2"
"K18081","MTMR2"
"K18061","SBF2"
"K24313","SH3TC2"
"K18266","NDRG1"
"K05723","FGD4"
"K00868","PDXK"
"K07620","GJB1"
"K00898","PDK3"
"K23958","INF2"
"K04538","GNB4"
"K04567","KARS"
"K19464","PLEKHG5"
"K23460","CHM"
"K18660","ACSF3"
"K01758","CTH"
"K11112","TINF2"
"K05669","ABCC6"
"K21436","ANKRD11"
"K02832","CRADD"
"K05717","FN1"
"K23456","CFAP410"
"K00503","DBH"
"K23687","RIN2"
"K17721","CYP2C19"
"K17712","CYP2D6"
"K03992","MASP1"
"K10066","COLEC11"
"K10065","COLEC10"
"K01050","BCHE"
"K03781","CAT"
"K09577","FKBP14"
"K17259","CIB1"
"K07873","RHOH"
"K05431","IL7"
"K16835","CETP"
"K08759","APOC3"
"K05482","IL-18"
"K10361","MYO15"
"K05003","KCNJ10"
"K23907","TMIE"
"K09634","TMPRSS3"
"K19949","OTOF"
"K06813","CDH23"
"K05850","ATP2B2"
"K24636","STRC"
"K21877","USH1C"
"K25030","OTOG"
"K25029","OTOA"
"K16500","PCDH15"
"K05762","RDX"
"K17479","GRXCR1"
"K09593","GAB1"
"K25166","METTL13"
"K23751","TRIOBP"
"K08834","MYO3A"
"K21879","WHRN"
"K06639","CDC14A"
"K08553","ESRRB"
"K24047","ESPN"
"K08041","ADCY1"
"K23837","CIB2"
"K17291","MARVELD2"
"K21882","PDZD7"
"K22147","PJVK"
"K14703","SLC26A5"
"K00545","LRTOMT"
"K23405","DCDC2"
"K23893","LHFPL5"
"K04292","S1PR2"
"K00962","PNPT1"
"K07305","MSRB3"
"K23401","SYNE4"
"K24822","LOXHD1"
"K24164","TPRN"
"K15837","GPSM2"
"K13963","SERPINB6"
"K01893","NARS2"
"K17599","TMEM132E"
"K13024","PPIP5K2"
"K24294","GRXCR2"
"K17277","EPS8"
"K05025","CLIC5"
"K24818","RIPOR2"
"K22524","WBP2"
"K05122","ROR1"
"K14947","ESRP1"
"K15198","BDP1"
"K23694","GRAP"
"K23677","SPNS2"
"K23841","CLRN2"
"K04585","PTHR1"
"K06236","COL1A1"
"K06566","IFITM5"
"K19614","SERPINF1"
"K19606","CRTAP"
"K08134","LEPRE1"
"K03768","PPIB"
"K09501","SERPINH1"
"K09575","FKBP10"
"K09197","SP7"
"K05502","BMP1"
"K24013","TMEM38B"
"K03209","WNT1"
"K09048","CREB3L1"
"K24262","SPARC"
"K23033","TENT5A"
"K25366","MESD"
"K10949","KDELR2"
"K08120","ASPN"
"K24436","CILP"
"K22734","ANKH"
"K10863","APTX"
"K21290","PIK3R5"
"K06234","RAB23"
"K05463","EFNB1"
"K23562","EMC1"
"K19638","CCBE1"
"K16669","FAT4"
"K08619","ADAMTS3"
"K08052","NF1"
"K19466","DDX59"
"K16751","C2CD3"
"K22862","INTU"
"K04638","IFT57"
"K13342","PEX5"
"K13346","PEX10"
"K13344","PEX13"
"K12386","CTNS"
"K02966","RPS19"
"K02974","RPS24"
"K02962","RPS17"
"K02917","RPL35A"
"K02932","RPL5"
"K02868","RPL11"
"K02993","RPS7"
"K02947","RPS10"
"K02976","RPS26"
"K02898","RPL26"
"K02877","RPL15"
"K02980","RPS29"
"K14800","TSR2"
"K02979","RPS28"
"K02901","RPL27"
"K02978","RPS27"
"K02883","RPL18"
"K02918","RPL35"
"K02957","RPS15A"
"K01641","HMGCS2"
"K15980","ACAD9"
"K14619","TCN2"
"K23404","TAPT1"
"K05853","ATP2A2"
"K01847","MUT"
"K07588","MMAA"
"K00798","MMAB"
"K05606","MCEE"
"K06734","CD320"
"K05284","PIGM"
"K20909","CMG2"
"K10385","LOR"
"K19525","VPS13A"
"K12600","TTC37"
"K12599","SKIV2L"
"K05056","IL11RA"
"K10154","IRF6"
"K04500","Smad2"
"K02159","BAX"
"K08734","MLH1"
"K08735","MSH2"
"K08736","MSH3"
"K08737","MSH6"
"K04357","EGF"
"K09784","EREG"
"K09782","AREG"
"K04726","BRAF"
"K06641","CHEK2"
"K09594","FLCN"
"K08739","MLH3"
"K14439","SMARCAD1"
"K08784","HTRA1"
"K10788","EPX"
"K09106","USF1"
"K17398","DNMT3A"
"K17894","GATA2"
"K12828","SF3B1"
"K12836","U2AF1"
"K24273","ZRSR2"
"K23226","SATB2"
"K20791","NAA10"
"K23215","BCOR"
"K16796","SOX2"
"K04662","BMP4"
"K23088","STRA6"
"K09318","VAX1"
"K11296","HMGB3"
"K24473","TENM3"
"K13675","B3GALTL"
"K06125","COQ2"
"K12504","PDSS1"
"K12505","PDSS2"
"K18587","COQ9"
"K06126","COQ6"
"K18586","COQ4"
"K06134","COQ7"
"K06127","COQ5"
"K19473","SIX6"
"K00207","DPYD"
"K19749","RAI1"
"K19572","CECR1"
"K15196","BRF1"
"K12647","IFIH1"
"K12646","DDX58"
"K24274","FAM111A"
"K00275","PNPO"
"K07292","HNF4A"
"K12407","GCK"
"K08036","TCF1"
"K08033","NEUROD1"
"K09209","KLF11"
"K12298","CEL"
"K08032","PAX4"
"K04526","INS"
"K08890","BLK"
"K08733","APPL1"
"K04673","BMPR1A"
"K01316","TMPRSS15"
"K05459","IGF1"
"K10174","TBR1"
"K12580","CNOT3"
"K09027","XBP1"
"K04992","MCOLN1"
"K01530","ATP8B1"
"K05659","ABCB4"
"K04355","BDNF"
"K04213","OPRD1"
"K04153","HTR1D"
"K10393","KIF2A"
"K10389","TUBG1"
"K07374","TUBA8"
"K00949","TPK1"
"K23867","ECM1"
"K05070","IL2RG"
"K11218","JAK3"
"K05072","IL7R"
"K05068","IL2RA"
"K06478","PTPRC"
"K06450","delta"
"K06451","epsilon"
"K06453","zeta"
"K09407","FOXN1"
"K13882","CORO1A"
"K22046","BCL11B"
"K00849","GALK1"
"K19685","TTC26"
"K23027","MYOC"
"K19946","OPTN"
"K10332","ASB10"
"K14554","WDR36"
"K12457","NTF4"
"K04352","RASA1"
"K05113","EPHB4"
"K04383","IL1A"
"K05481","IL-1-RA"
"K05435","IL13"
"K05141","TNFRSF1B"
"K05429","IL2"
"K00161","PDHA1"
"K01194","TREH"
"K23380","FREM1"
"K03857","PIGA"
"K05292","PIGT"
"K00699","UGT1A1"
"K05043","SLCO1B1"
"K23950","MAGEL2"
"K20773","CTIP"
"K11502","CENPJ"
"K16728","CEP152"
"K16763","CEP63"
"K16476","NIN"
"K10742","DNA2"
"K11985","TRAIP"
"K22756","NSMCE2"
"K04002","C4BPA"
"K04003","C4BPB"
"K01333","IF"
"K04006","DAF"
"K04008","CD59"
"K23345","GLMN"
"K16507","DCHS1"
"K22283","LIPC"
"K06528","LAMP2"
"K23952","VMA21"
"K08745","SLC27A4"
"K23878","AAGAB"
"K08133","COL14A1"
"K08374","KISS1R"
"K15687","MKRN3"
"K10777","LIG4"
"K00717","FUT8"
"K05305","FCSK"
"K18204","D2HGDH"
"K05872","IKBE"
"K09254","c-rel"
"K09183","GATA4"
"K17897","GATA6"
"K04467","CHUK"
"K14426","SLC12A3"
"K15133","MED17"
"K01886","QARS"
"K07750","MSMO1"
"K22939","IER3IP1"
"K20363","YIPF5"
"K22422","DONSON"
"K16484","RTTN"
"K14169","CTU2"
"K04877","KCNA4"
"K15443","WDR4"
"K01883","CARS1"
"K03099","SOS1"
"K07832","RIT1"
"K23330","LZTR1"
"K19613","SHOC2"
"K06269","PPP1CB"
"K04198","EDNRB"
"K06781","TSLC1"
"K05689","E-cadherin"
"K08129","NYX"
"K04608","GRM6"
"K04976","TRPM1"
"K13749","SLC24A1"
"K22961","GPR179"
"K24491","LRIT3"
"K07825","GNB3"
"K13756","PDE6B"
"K04631","GNAT1"
"K19627","SAG"
"K00909","GRK1"
"K19875","TTID"
"K19867","ZASP"
"K09557","BAG3"
"K24456","KY"
"K24426","PYROXD1"
"K12567","TTN"
"K10369","SVIL"
"K11588","MECP2"
"K03161","CD40L"
"K03160","CD40"
"K03783","PNP"
"K05653","TAP1"
"K05654","TAP2"
"K08061","RFX5"
"K08063","RFXAP"
"K08062","RFXANK"
"K05856","LCK"
"K06458","CD8A"
"K07369","MALT1"
"K07209","IKBKB"
"K05142","TNFRSF4"
"K06452","CD3G"
"K01937","CTPS1"
"K07368","BCL10"
"K12367","DOCK2"
"K10732","GINS1"
"K09486","HYOU1"
"K01697","CBS"
"K00597","MTRR"
"K25004","MTHFR"
"K02449","CDK10"
"K20994","NOTCH2"
"K05361","GPX4"
"K07200","PRKAG2"
"K10149","TP63"
"K06554","lamda"
"K07371","BLNK"
"K22038","LRRC8"
"K02649","PIK3R1"
"K09063","TCF3"
"K12470","SH3KBP1"
"K16687","YAP1"
"K01565","SGSH"
"K01205","NAGLU"
"K10532","HGSNAT"
"K01137","GNS"
"K20913","CARD14"
"K19484","PLAG1"
"K09283","HMGA2"
"K00213","DHCR7"
"K09346","NKX2-6"
"K00387","SUOX"
"K04671","BMPR2"
"K16196","EIF2AK4"
"K03983","SERPINF2"
"K09315","DLX3"
"K04981","TRPM6"
"K01538","FXYD2"
"K16302","CNNM2"
"K12654","TMEM173"
"K09335","VSX1"
"K24354","SMOC2"
"K05285","PIGN"
"K03434","PIGL"
"K05294","PGAP1"
"K05310","PIGG"
"K03861","PIGP"
"K05289","GPAA1"
"K03859","PIGC"
"K03858","PIGH"
"K05291","PIGS"
"K03860","PIGQ"
"K05286","PIGB"
"K05293","PIGU"
"K05290","PIGK"
"K09865","AQP2"
"K05619","TGM1"
"K08021","ALOX12B"
"K18684","ALOXE3"
"K17731","CYP4F22"
"K22733","NIPAL4"
"K24210","LIPN"
"K24622","CERS3"
"K16813","PNPLA1"
"K04401","CASP14"
"K24425","SDR9C7"
"K01015","SULT2B1"
"K02354","FZD4"
"K17355","TSPAN12"
"K24372","ZNF408"
"K03904","FGB"
"K03905","FGG"
"K15175","CDC73/HRPT2"
"K03984","SERPINA1"
"K10592","HUWE1"
"K19415","PHF8"
"K10609","CUL4B"
"K16675","ZDHHC9"
"K11446","KDM5C"
"K05199","GRIA3"
"K12898","HNRNPH2"
"K17536","CNKSR2"
"K10573","UBE2A"
"K18403","MSL3"
"K13119","FAM50A"
"K08102","HS6ST2"
"K02320","POLA1"
"K15194","AFF2"
"K20650","OPHN1"
"K12885","RBMX"
"K14328","UPF3B"
"K05022","CLIC2"
"K13214","NONO"
"K02866","RPL10"
"K21767","TBCD"
"K18437","PDE8B"
"K05090","CSF1R"
"K24370","ZNF148"
"K19480","ANO5"
"K00488","CYP27A1"
"K00254","DHODH"
"K12831","SF3B4"
"K02999","POLR1A"
"K17901","RCAN1"
"K09278","RUNX2"
"K07599","DSG4"
"K19404","LIPH"
"K04273","P2Y5"
"K09354","HESX1"
"K23417","SPINK1"
"K01311","CTRC"
"K01363","CTSB"
"K08803","DAPK1"
"K08285","MID1"
"K23028","SPECC1L"
"K01870","IARS2"
"K21878","USH1G"
"K19636","USH2A"
"K12381","ARSG"
"K01327","ELA2"
"K16220","HAX1"
"K12479","VPS45"
"K03106","SRP54"
"K10594","HERC1"
"K11406","HDAC4"
"K16573","TUBGCP6"
"K08863","PLK4"
"K16571","TUBGCP4"
"K16801","CEP19"
"K13365","NHERF1"
"K08819","CDK13"
"K16478","NPHP4"
"K16774","IQCB1"
"K16488","SDCCAG8"
"K19680","TRAF3IP1"
"K15588","NSD1"
"K23817","CFHR5"
"K00901","DGKE"
"K10158","B3GAT3"
"K10182","TBX15"
"K01824","EBP"
"K23368","TRIP11"
"K10858","PMS2"
"K06482","ITGA3"
"K17725","ETHE1"
"K05615","SLC1A4"
"K08105","CHST14"
"K01794","DSE"
"K01431","UPB1"
"K22398","MRAP"
"K00323","NNT"
"K22182","TXNRD2"
"K12359","CLN6"
"K09525","DNAJC5"
"K01373","CTSF"
"K11643","CHD4"
"K09377","CSRP3"
"K19879","TCAP"
"K05033","ABCC9"
"K05852","PLN"
"K24031","TMPO"
"K04522","PSEN2"
"K05700","VCL"
"K19872","FKTN"
"K10373","TPM1"
"K05865","TNNC1"
"K23407","GATAD1"
"K01922","PPCS"
"K02925","RPL3L"
"K23918","NEXN"
"K24052","RBM20"
"K06241","LAMA4"
"K22410","PRDM16"
"K12568","MYBPC3"
"K13511","TAZ"
"K04389","TNFSF6"
"K04398","Caspase"
"K06068","PRKCD"
"K07561","DPH1"
"K01578","MLYCD"
"K12301","SLC17A5"
"K12409","GNE"
"K05741","DIAPH2"
"K23917","POF1B"
"K09405","FOXL2"
"K24199","NOBOX"
"K09066","FIGLA"
"K13055","STAG3"
"K15271","HFM1"
"K10737","MCM8"
"K08741","MSH5"
"K22673","GDF9"
"K24146","BNC1"
"K00965","GALT"
"K10151","CCND2"
"K05091","KIT"
"K14696","SLC30A9"
"K14710","SLC39A4"
"K15759","IMPAD1"
"K06240","LAMA3"
"K23951","DYM"
"K00214","BLVRA"
"K24575","MPLKIP"
"K13127","RNF113A"
"K03137","GTF2E2"
"K01868","TARS1"
"K01229","LCT"
"K24068","MEGF10"
"K04635","GNA11"
"K11827","AP2S1"
"K10461","KLHL24"
"K22236","EXPH5"
"K19016","IMPG1"
"K19017","IMPG2"
"K01596","PCK1"
"K01206","FUCA1"
"K14437","CHD7"
"K06840","SEMA3E"
"K09269","SOX5"
"K03911","Antithrombin"
"K01344","C"
"K03908","S"
"K05681","ABCG2"
"K08146","SLC2A9"
"K12300","SLC17A3"
"K00102","LDHD"
"K09671","CHST6"
"K06170","PSENEN"
"K06171","NCSTN"
"K04975","TRPV6"
"K01358","CLPP"
"K01869","LARS2"
"K03595","ERAL1"
"K02998","RPSA"
"K24335","CRELD1"
"K12406","PKLR"
"K24826","CRIPT"
"K09324","GSC"
"K11438","PRMT7"
"K10886","XRCC4"
"K11512","CENPT"
"K03024","POLR3GL"
"K20473","NBAS"
"K20471","ARCN1"
"K14347","SLC10A7"
"K24468","SCUBE3"
"K18985","ELMO2"
"K21843","TTC7A"
"K11644","SIN3A"
"K19522","XK"
"K08860","EIF2AK3"
"K14073","PNLIP"
"K07831","MRAS"
"K07830","RRAS2"
"K04371","MAPK1"
"K05706","SNAI2"
"K13201","TIA1"
"K01939","ADSSL1"
"K03575","MUTYH"
"K10773","NTHL1"
"K12383","GM2A"
"K24212","C1QTNF5"
"K00140","ALDH6A1"
"K17915","KIF14"
"K06803","CDH11"
"K05436","TSLP"
"K21096","CCL-26"
"K01834","PGAM2"
"K01335","BF"
"K01334","DF"
"K15412","PFC"
"K21392","AEBP1"
"K05065","IL23R"
"K05064","IL12RB2"
"K16791","SMAD9"
"K06278","CAV1"
"K04914","KCNK3"
"K10989","AICDA"
"K03648","UNG"
"K00613","GATM"
"K07514","EHHADH"
"K18163","NDUFAF6"
"K04972","TRPV3"
"K05664","ABCB11"
"K01537","ATP2C1"
"K18625","SHROOM4"
"K24481","CRLF1"
"K05421","CLCF1"
"K10445","KLHL7"
"K08618","ADAMTS2"
"K24297","QRICH1"
"K07602","DSC3"
"K11204","GCLC"
"K11205","GCLM"
"K20052","LRP8"
"K05468","LTA"
"K08763","OLR1"
"K02730","PSMA6"
"K05469","TNFSF4"
"K08675","LONP1"
"K19926","ZP1"
"K19928","ZP3"
"K24823","PATL2"
"K06632","WEE2"
"K19927","ZP2"
"K03443","PANX1"
"K14443","BTG4"
"K22399","TRIP13"
"K08778","ASTL"
"K00318","PRODH"
"K00294","ALDH4A1"
"K06098","TJP2"
"K08537","NR1H4"
"K14360","SLC51A"
"K10399","KIF12"
"K08555","NR3C2"
"K04824","SCNN1A"
"K04825","SCNN1B"
"K04827","SCNN1G"
"K08867","WNK4"
"K10443","KLHL3"
"K03869","CUL3"
"K08627","ADAMTS13"
"K16670","MEIS2"
"K22526","MYOCD"
"K11268","ESCO2"
"K22138","BRP44L"
"K00162","PDHB"
"K20193","HPS1"
"K12397","AP3B1"
"K20190","HPS3"
"K20194","HPS4"
"K20191","HPS5"
"K20192","HPS6"
"K20189","DTNBP1"
"K20186","BLOC1S3"
"K20188","BLOC1S6"
"K12396","AP3D1"
"K20187","BLOC1S5"
"K14157","AASS"
"K04497","TLE6"
"K24520","CHRDL1"
"K18487","ZIC3"
"K12866","WBP11"
"K09105","PRCC-TFE3"
"K03660","OGG1"
"K11757","PBRM1"
"K13105","PRCC"
"K14569","BMS1"
"K01102","PDP1"
"K04180","CCR5"
"K04177","CCR2"
"K10031","CXCL12"
"K05408","CCL3"
"K16597","CCL11"
"K04175","CXCR1"
"K05071","IL4R"
"K12499","CCL5"
"K07980","KIR3DL1"
"K04896","KCNE2"
"K12334","NPPA"
"K04878","KCNA5"
"K07614","GJA5"
"K04846","SCN2B"
"K14312","NUP155"
"K04847","SCN3B"
"K04848","SCN4B"
"K12750","MYL4"
"K11420","EHMT1"
"K03899","F8"
"K01321","F9"
"K03900","VWF"
"K06261","GP1BA"
"K23884","WAC"
"K07203","MTOR"
"K09828","DHCR24"
"K04363","FIP1L1-PDGFRA"
"K15281","SLC35D1"
"K10503","ZBTB24"
"K23408","CDCA7"
"K19001","HELLS"
"K09512","DNAJB6"
"K15436","TNPO3"
"K13044","HNRNPDL"
"K10607","TRIM32"
"K00728","POMT1"
"K09666","POMGNT1"
"K06265","DAG1"
"K20308","TRAPPC11"
"K00966","GMPPB"
"K21031","ISPD"
"K13667","POGLUT1"
"K18207","POMGNT2"
"K21108","BVES"
"K21635","JAG2"
"K23354","LIMS2"
"K23001","TOR1AIP1"
"K00907","MYLK"
"K22030","LMOD1"
"K12755","MYL9"
"K12315","ACTG2"
"K01136","IDS"
"K24377","ZNF750"
"K22128","PIEZO1"
"K04945","KCNN4"
"K04946","KCNT1"
"K02603","ORC1"
"K02606","ORC4"
"K02608","ORC6"
"K10727","CDT1"
"K02213","CDC6"
"K06628","CDC45"
"K02209","MCM5"
"K20071","ARHGAP26"
"K23343","CCDC22"
"K24754","WDR73"
"K15902","LAGE3"
"K01409","OSGEP"
"K08851","TP53RK"
"K15901","TPRKB"
"K14300","NUP133"
"K18400","KANSL1"
"K19482","NDN"
"K11100","SNRPN"
"K23166","OPA3"
"K17065","DNM1L"
"K18157","TMEM126A"
"K01681","ACO2"
"K23164","RTN4IP1"
"K08955","YME1L1"
"K03111","SSBP1"
"K04462","EVI1"
"K07596","DSG1"
"K06713","ICOS"
"K05150","TACI"
"K06465","CD19"
"K05151","TNFRSF13C"
"K06466","MS4A1"
"K06508","CD81"
"K24181","LRBA"
"K04469","NFKB2"
"K05434","IL21"
"K02580","NFKB1"
"K22383","IRF2BP2"
"K09336","VSX2"
"K09332","RAX"
"K23440","PRSS56"
"K22672","GDF3"
"K07249","ALDH1A3"
"K11988","SHH"
"K05661","ABCB6"
"K18271","RBP4"
"K00071","HSD11B2"
"K05771","NR3C1"
"K03982","SERPINE1"
"K05658","ABCB1"
"K08025","HLXB9"
"K15102","SLC25A3"
"K04043","HSPA9"
"K14379","ACP5"
"K08857","NEK1"
"K19674","WDR35"
"K22869","WDR60"
"K19672","IFT140"
"K19676","IFT172"
"K22868","WDR34"
"K10417","DYNC2LI1"
"K19681","IFT52"
"K22866","TCTEX1D2"
"K19675","IFT43"
"K19677","IFT81"
"K04733","IRAK4"
"K09447","IRF7"
"K05404","TLR7"
"K08509","SNAP29"
"K17497","PMM2"
"K01809","MPI"
"K03848","ALG6"
"K03845","ALG3"
"K00721","DPM1"
"K09660","MPDU1"
"K03847","ALG12"
"K03849","ALG8"
"K03842","ALG1"
"K03846","ALG9"
"K00902","DOLK"
"K06316","RFT1"
"K09659","DPM3"
"K03844","ALG11"
"K12345","SRD5A3"
"K12670","DDOST"
"K07432","ALG13"
"K09658","DPM2"
"K01456","NGLY1"
"K07151","STT3A"
"K04571","SSR4"
"K11540","CAD"
"K19177","NUS1"
"K11778","DHDDS"
"K19478","MAGT1"
"K08220","FLVCR2"
"K05628","RERE"
"K17890","ATG16L1"
"K05135","IL10RB"
"K05134","IL10RA"
"K12801","CARD8"
"K23441","MST1"
"K03937","NDUFS4"
"K03941","NDUFS8"
"K03940","NDUFS7"
"K03942","NDUFV1"
"K03934","NDUFS1"
"K03935","NDUFS2"
"K03943","NDUFV2"
"K03936","NDUFS3"
"K03939","NDUFS6"
"K18160","NDUFAF2"
"K18159","NDUFAF1"
"K03945","NDUFA1"
"K03946","NDUFA2"
"K03956","NDUFA11"
"K18161","NDUFAF4"
"K18162","NDUFAF5"
"K09008","NDUFAF3"
"K18166","FOXRED1"
"K03593","NUBPL"
"K03954","NDUFA10"
"K11352","NDUFA12"
"K03965","NDUFB9"
"K03959","NDUFB3"
"K03953","NDUFA9"
"K00604","MTFMT"
"K11353","NDUFA13"
"K18165","TMEM126B"
"K23505","TIMMDC1"
"K03964","NDUFB8"
"K03950","NDUFA6"
"K24726","NDUFAF8"
"K03966","NDUFB10"
"K03968","NDUFC2"
"K03952","NDUFA8"
"K03879","MT-ND2"
"K08451","ADGRG2"
"K13997","PDHX"
"K11284","TSPYL1"
"K24628","ROGDI"
"K09435","EWSR1-ERG"
"K09431","EWSR1-ETV1"
"K15592","EWSR1-ETV4"
"K09437","EWSR1-FEV"
"K07965","HPSE2"
"K24609","LRIG2"
"K08768","PLIN1"
"K07188","LIPE"
"K14210","SLC3A1"
"K13868","SLC7A9"
"K10185","TBX20"
"K09608","TLL1"
"K21361","CITED2"
"K16815","PNPLA8"
"K21598","GCM2"
"K09331","SHOX"
"K24220","MYH8"
"K00653","CDY1"
"K24980","DAZ1"
"K17642","DDX3Y"
"K25090","RBMY1A1"
"K02987","RPS4Y2"
"K11599","POMP"
"K14725","SLC9A9"
"K15009","SHANK2"
"K04494","CHD8"
"K03259","EIF4E"
"K24682","PTCHD1"
"K00474","TMLHE"
"K04348","PPP3CA"
"K05181","GABRB2"
"K02145","ATP6V1A"
"K13704","ABHD12"
"K00627","DLAT"
"K00382","DLD"
"K01640","HMGCL"
"K09301","HOXA1"
"K02235","FZD2"
"K00326","CYB5R3"
"K23490","CYB5A"
"K03158","TNFRSF1A"
"K06841","SEMA5A"
"K23491","CTNND2"
"K00850","PFKM"
"K08271","STRADA"
"K09455","MITF"
"K24677","IQCE"
"K23868","FAM92A"
"K24554","KIAA0825"
"K24286","PRG4"
"K12304","CANT1"
"K00771","XYLT1"
"K06583","ITGA7"
"K06585","ITGA9"
"K14156","CHKB"
"K24222","INPP5K"
"K10865","MRE11A"
"K10747","LIG1"
"K02212","MCM4"
"K07992","DAP12"
"K14378","TREM2"
"K23829","TNIP1"
"K04519","IL-1B"
"K04386","IL-1R1"
"K04181","CCR6"
"K02740","PSMB8"
"K02736","PSMB4"
"K02741","PSMB9"
"K11876","PSMG2"
"K02733","PSMB10"
"K14573","RBM28"
"K22611","SART3"
"K06244","LAMB3"
"K23444","ENAM"
"K23443","AMELX"
"K23442","AMBN"
"K21957","FAM20A"
"K06589","ITGB6"
"K19284","ACPT"
"K08666","KLK4"
"K07999","MMP20"
"K24753","WDR72"
"K24398","C4orf26"
"K13752","SLC24A4"
"K08408","GPR68"
"K23931","FAM83H"
"K25225","AMTN"
"K05156","RELT"
"K23970","FRMD4A"
"K19511","PXDN"
"K04818","CHRNG"
"K04648","DCTN1"
"K11580","SGOL1"
"K09867","AQP5"
"K14396","PABPN1"
"K21958","FAM20C"
"K23468","CASQ1"
"K14617","LMBRD1"
"K14618","MMACHC"
"K13279","PRDX1"
"K05678","ABCD4"
"K04674","TGFBR1"
"K07376","PRKG1"
"K25410","MFAP5"
"K00277","LOX"
"K06558","MSR1"
"K17547","POMK"
"K09409","FOXP2"
"K24319","SCARF2"
"K05643","ABCA3"
"K05066","CSF2RA"
"K04738","CSF2RB"
"K19479","COL10A1"
"K02185","SFRP4"
"K01403","MMP9"
"K21456","GSS"
"K20864","NALP7"
"K25076","KHDC3L"
"K25318","MEI1"
"K24789","C11orf80"
"K22534","PRDM5"
"K01115","PLD1"
"K01745","HAL"
"K08824","CDKL5"
"K15107","SLC25A22"
"K15292","STXBP1"
"K06114","SPTAN1"
"K04927","KCNQ2"
"K20686","ARHGEF9"
"K00781","ST3GAL3"
"K04534","GNAO1"
"K23298","SZT2"
"K20069","NECAP1"
"K04954","HCN1"
"K14445","SLC13A5"
"K04885","KCNB1"
"K05210","GRIN2B"
"K19008","SIK1"
"K01528","DNM1"
"K04875","KCNA2"
"K03231","EEF1A2"
"K01519","ITPA"
"K25381","FRRS1L"
"K21848","ARV1"
"K21594","GUF1"
"K05613","SLC1A2"
"K05212","GRIN2D"
"K22413","FGF12"
"K20164","DENND5A"
"K00026","MDH2"
"K20279","SYNJ1"
"K12888","HNRNPU"
"K16198","YWHAG"
"K04947","KCNT2"
"K04360","NTRK2"
"K04615","GABBR2"
"K22816","CNPY3"
"K16068","ADAM22"
"K07868","RHOBTB2"
"K05749","CYFIP2"
"K23294","PACS2"
"K09313","CUX2"
"K15369","TRAK1"
"K04852","CACNA1E"
"K17594","PHACTR1"
"K01425","GLS"
"K09078","NEUROD2"
"K15692","RNF13"
"K01881","PARS2"
"K11652","ACTL6B"
"K14455","GOT2"
"K00963","UGP2"
"K00012","UGDH"
"K24973","DALRD3"
"K02208","CDK19"
"K00025","MDH1"
"K01580","GAD1"
"K06027","NSF"
"K13207","CELF2"
"K08557","AR"
"K00408","WNT4"
"K12196","VPS4A"
"K08239","GNPTAB"
"K13867","SLC7A7"
"K11306","KAT6B"
"K14548","CIRH1A"
"K16769","CKAP2L"
"K16794","PAFAH1B1"
"K16738","NDE1"
"K05636","LAMB1"
"K18643","KATNB1"
"K02090","CDK5"
"K23424","TMTC3"
"K19827","MACF1"
"K16766","CEP85L"
"K16579","DCX"
"K06630","YWHAE"
"K01398","MMP2"
"K15601","KDM3B"
"K15707","RNF170"
"K00810","UBIAD1"
"K09580","P4HB"
"K14007","SEC24D"
"K17606","IGBP1"
"K01253","EPHX1"
"K00659","BAAT"
"K14341","SLC10A1"
"K05246","HCRT"
"K17270","MOG"
"K10087","GNPTAG"
"K17166","MIR204"
"K01203","SI"
"K15109","SLC25A20"
"K23091","KREMEN1"
"K13645","PLOD2"
"K04794","PTRH2"
"K18026","PTPN2"
"K05084","ERBB3"
"K19513","CLEC16A"
"K18052","PRKCQ"
"K01366","CTSH"
"K19470","C1QTNF6"
"K17973","C12orf30"
"K06567","CD226"
"K04960","ITPR3"
"K05424","LEP"
"K13158","HNRPA2B1"
"K12741","HNRNPA1"
"K01672","CA12"
"K00864","GK"
"K09523","DNAJC3"
"K03691","POFUT1"
"K17523","CHI3L1"
"K16534","DISC1"
"K19941","SYN2"
"K04146","DRD3"
"K16659","RTN4R"
"K24397","DAOA"
"K14480","APOL2"
"K05455","NRG1"
"K24526","RBM12"
"K13345","PEX12"
"K13335","PEX16"
"K13336","PEX3"
"K13337","PEX19"
"K13343","PEX14"
"K13341","PEX7"
"K13352","PEX11B"
"K05037","SLC6A4"
"K01388","MMP-1"
"K13444","SUMF1"
"K21052","TMEM5"
"K09654","B3GALNT2"
"K21032","B3GNT1"
"K05125","DDR2"
"K05430","IL4"
"K08090","FCER1B"
"K08616","ADAM33"
"K04391","CD14"
"K00461","ALOX5"
"K13909","MUC7"
"K01062","PLA2G7"
"K25469","SCGB3A2"
"K04332","PTGDR"
"K08376","NPSR1"
"K04732","IRAK3"
"K12170","RNF125"
"K19728","UNC13D"
"K08487","STX11"
"K15300","STXBP2"
"K15690","RC3H1"
"K24209","SMPX"
"K23609","C9orf72"
"K22759","CHCHD10"
"K10289","CCNF"
"K01312","PRSS1"
"K10374","TPM2"
"K12758","MYLPF"
"K12043","TNNI2"
"K12046","TNNT3"
"K09610","ECEL1"
"K23342","FBN2"
"K09186","KMT2A"
"K03131","TAF6"
"K01202","GALC"
"K22808","KANK1"
"K18622","ADD3"
"K10980","NHEJ1"
"K23311","CTC1"
"K23312","STN1"
"K05010","CLCN1"
"K14736","TF"
"K09201","YY1"
"K05720","FGD1"
"K05452","GDNF"
"K05227","EDN3"
"K01415","ECE1"
"K23616","ATXN1"
"K23625","ATXN2"
"K11318","ATXN7"
"K23933","ATXN8OS"
"K19323","ATXN10"
"K08815","TTBK2"
"K04354","PPP2R2B"
"K04889","KCNC3"
"K19663","PRKCG"
"K04958","ITPR1"
"K04893","KCND3"
"K24870","TMEM240"
"K15840","PDYN"
"K03234","EEF2"
"K23920","FGF14"
"K19324","BEAN1"
"K05624","TGM6"
"K14564","NOP56"
"K20054","DAB1"
"K10244","ELOVL5"
"K04966","TRPC3"
"K04854","CACNA1G"
"K16506","FAT2"
"K16860","PLD3"
"K17943","PUM1"
"K12013","TRIM36"
"K08800","NUAK2"
"K10683","BARD1"
"K06267","HMMR"
"K08071","NQO2"
"K10147","PPM1D"
"K17589","RB1CC1"
"K20996","Notch4"
"K24908","DIP2B"
"K08636","PHEX"
"K24032","SH3PXD2B"
"K13175","THOC6"
"K08123","KERA"
"K07763","MMP14"
"K00069","HPGD"
"K00657","SAT1"
"K04550","LRP1"
"K23013","DPP6"
"K19474","SIX5"
"K08868","ALPK1"
"K00432","GPX1"
"K00383","GSR"
"K15118","SLC25A38"
"K07390","GLRX5"
"K04082","HSCB"
"K05662","ABCB7"
"K23413","KAL1"
"K08380","PROKR2"
"K24191","PROK2"
"K04280","GNRHR"
"K23844","NSMF"
"K05240","TAC3"
"K04224","TACR3"
"K05252","GNRH1"
"K23140","KISS1"
"K24260","WDR11"
"K02514","HS6ST1"
"K17385","SPRY4"
"K05167","IL17RD"
"K21946","DUSP6"
"K16362","FLRT3"
"K24502","FEZF1"
"K08521","LHB"
"K12041","SLC9A6"
"K00248","ACADS"
"K10186","TBX22"
"K04660","DCN"
"K00006","GPD1L"
"K04850","CACNA1C"
"K04863","CACNB2"
"K04897","KCNE3"
"K04957","HCN4"
"K23420","SPINK5"
"K05675","ABCD1"
"K05607","AUH"
"K09539","DNAJC19"
"K23504","SERAC1"
"K03695","CLPB"
"K08669","HTRA2"
"K17496","TIMM50"
"K14966","HCFC1"
"K14864","FTSJ1"
"K12879","THOC2"
"K04373","RPS6KA3"
"K05170","IL1RAPL1"
"K05733","PAK3"
"K17255","GDI1"
"K05729","ARHGEF6"
"K06571","TSPAN7"
"K16271","RLIM"
"K01897","ACSL4"
"K07925","RAB39B"
"K21098","DLG3"
"K20028","ZDHHC15"
"K11798","BRWD3"
"K24376","ZNF711"
"K10395","KIF4A"
"K10647","MID2"
"K11594","DDX3X"
"K10452","KLHL15"
"K23956","FRMPD4"
"K11366","USP27X"
"K09667","OGT"
"K24996","CXorf56"
"K12166","HACE1"
"K01195","GUSB"
"K04527","INSR"
"K00261","GLUD1"
"K08179","SLC16A1"
"K04959","ITPR2"
"K03841","FBP1"
"K23720","UVSSA"
"K06262","GP1BB"
"K06263","GP9"
"K10630","RBCK1"
"K19874","SEPN1"
"K06081","NECTIN1"
"K12160","SUMO1"
"K09314","DLX4"
"K10054","PML-RARalpha"
"K09438","PU.1"
"K16676","LPP"
"K23588","MLLT10"
"K11276","NPM1"
"K20044","PICALM"
"K11247","SH3GL1"
"K12804","PSTPIP1"
"K13241","iNOS"
"K22753","RNF6"
"K01047","PLA2G5"
"K10136","PERP"
"K01965","PCCA"
"K01966","PCCB"
"K24403","AAVR"
"K10067","SFTPA1"
"K13908","MUC5B"
"K08625","ADAMTS10"
"K08631","ADAMTS17"
"K10354","ACTA1"
"K09290","TPM3"
"K19656","IFT122"
"K05425","IL12B"
"K05063","IL12RB1"
"K10155","IRF8"
"K12159","ISG15"
"K08534","RORC"
"K19403","MCPH1"
"K21762","WDR62"
"K16542","CDK5RAP2"
"K11542","CASC5"
"K16743","ASPM"
"K16724","STIL"
"K16461","CEP135"
"K24371","ZNF335"
"K11456","PHC1"
"K02091","CDK6"
"K11498","CENPE"
"K16487","SASS6"
"K23894","MFSD2A"
"K21412","ANKLE2"
"K16308","CIT"
"K22262","WDFY3"
"K17302","COPB2"
"K06677","NCAPD2"
"K11491","NCAPD3"
"K06676","NCAPH"
"K14302","NUP37"
"K24261","MAP11"
"K14545","RRP7A"
"K10403","KIF22"
"K19985","EXOC6B"
"K10380","ANK2"
"K16551","AKAP9"
"K24063","SNTA1"
"K04999","KCNJ5"
"K01192","MANBA"
"K11373","ELP1"
"K13499","CHSY1"
"K13094","RBM10"
"K15164","MED13L"
"K11459","BMI1"
"K05309","PTGES2"
"K04714","SGMS2"
"K05626","1"
"K02370","EXTL3"
"K23219","MBD5"
"K06809","CDH15"
"K17631","SYNGAP1"
"K05208","GRIN1"
"K04867","CACNG2"
"K23961","EPB41L1"
"K23290","PACS1"
"K23194","GATAD2B"
"K04454","MEF2C"
"K23195","CTCF"
"K23196","ZBTB18"
"K23216","SETD5"
"K23041","DEAF1"
"K22592","AHDC1"
"K23214","AUTS2"
"K23218","ZMYND11"
"K21772","PURA"
"K11305","KAT6A"
"K08283","COL4A3BP"
"K11584","PPP2R5D"
"K03456","PPP2R1A"
"K23193","MYT1L"
"K22593","CHAMP1"
"K04536","GNB1"
"K09239","HIVEP2"
"K08810","TRIO"
"K20225","CIC"
"K04930","KCNQ5"
"K06671","STAG1"
"K04392","RAC1"
"K10590","TRIP12"
"K20792","NAA15"
"K11429","KMT5B"
"K06101","ASH1L"
"K04515","CAMK2A"
"K04646","CLTC"
"K08864","TLK2"
"K11290","SET"
"K11826","AP2M1"
"K11828","DLG4"
"K06709","KDM4B"
"K00802","SMS"
"K14677","ACY1"
"K13242","NOS3"
"K24611","AMMECR1"
"K04556","PRKN"
"K06773","OPCML"
"K01074","PPT1"
"K07920","RAB33B"
"K23605","SMAD3"
"K13376","TGFB2"
"K05690","CTNND1"
"K14213","PEPD"
"K14427","SLC12A6"
"K23328","DMP1"
"K21863","NALCN"
"K24015","UNC80"
"K17544","TBCK"
"K25178","CCDC174"
"K06070","PRKD1"
"K17356","SAS"
"K17256","IGFALS"
"K18723","GLE1"
"K00889","PIP5K1C"
"K08046","ADCY6"
"K08463","ADGRG6"
"K20878","NEK9"
"K16364","GLDN"
"K24517","BMPER"
"K14463","MTTP"
"K12749","MYL3"
"K10351","MYL2"
"K23957","FHOD3"
"K13421","UMPS"
"K19481","MGP"
"K01875","SARS2"
"K06095","MPDZ"
"K17601","WDR81"
"K12035","TRIM71"
"K09348","NKX3.1"
"K23790","GSTP1"
"K15593","TMPRSS2-ETV5"
"K04376","SLC45A3-ELK4"
"K06679","MAD1L1"
"K09207","KLF6"
"K09114","MXI1"
"K09378","ZFHX3"
"K06107","EPB41"
"K09385","FOXG1B"
"K10166","TBX21"
"K04259","PTGER2"
"K06490","ICAM-1"
"K09302","HOXA2"
"K14684","SLC25A24"
"K09225","ZIC4"
"K12408","HSD3B7"
"K00251","AKR1D1"
"K05677","ABCD3"
"K10214","ACOX2"
"K10356","MYOH1"
"K09353","LBX1"
"K09067","ASCL1"
"K09383","Pax5-IgH"
"K08443","ADGRE2"
"K15108","SLC25A19"
"K04731","IL4"
"K08727","NOD1"
"K10161","TLR-9"
"K18169","TTC19"
"K00417","UQCRB"
"K00418","UQCRQ"
"K00415","UQCRC2"
"K00413","CYC1"
"K17682","UQCC2"
"K18170","LYRM7"
"K23165","UQCC3"
"K00411","UQCRFS1"
"K14994","SLC38A8"
"K23718","SON"
"K05000","KCNJ6"
"K20301","TRAPPC2"
"K06997","PLPBP"
"K16834","SOST"
"K01756","ADSL"
"K10152","CCND3-IgH"
"K08489","STX16"
"K09317","EMX2"
"K12569","EMD"
"K19346","SYNE2"
"K00649","GNPAT"
"K00803","AGPS"
"K25206","TMEM127"
"K04453","MAX"
"K10866","RAD50"
"K00953","FLAD1"
"K13937","H6PD"
"K15680","HSD11B1"
"K14223","MTTQ"
"K14222","MTTC"
"K14237","MTTV"
"K14235","MTTW"
"K16808","NUMA1-RARA"
"K20053","VLDLR"
"K14802","ATP8A2"
"K00905","BCKDK"
"K15191","LARP7"
"K16359","NTNG2"
"K15290","SYT1"
"K13504","VAMP2"
"K03006","POLR2A"
"K04537","GNB2"
"K05198","GRIA2"
"K05200","GRIA4"
"K04609","GRM7"
"K12168","HECW2"
"K17562","PPP1R21"
"K10412","DNAL4"
"K06843","NTN1"
"K03912","SERPIND1"
"K23410","HRG"
"K03907","THBD"
"K06088","OCLN"
"K11846","USP18"
"K11221","STAT2"
"K01942","HLCS"
"K16481","PCNT"
"K11136","RTEL1"
"K11114","ACD"
"K11130","NOP10"
"K11129","NHP2"
"K23314","WRAP53"
"K01148","PARN"
"K05398","TLR1"
"K11273","DDX11"
"K11838","USP7"
"K09624","PRSS12"
"K11793","CRBN"
"K18260","CC2D1A"
"K15335","NSUN2"
"K05202","GRIK2"
"K12669","TUSC3"
"K20306","TRAPPC9"
"K10258","TECR"
"K23741","MAN1B1"
"K15166","MED23"
"K22533","LINS1"
"K15442","ADAT3"
"K10595","HERC2"
"K23115","TTI2"
"K03128","TAF2"
"K23295","KPTN"
"K18465","WASHC4"
"K23151","METTL23"
"K10308","FBXO31"
"K02576","DNST1"
"K02184","FMN2"
"K00814","GPT2"
"K12615","EDC3"
"K00546","HNMT"
"K10083","LMAN2L"
"K08840","TNIK"
"K01855","PUS3"
"K23038","ZC3H14"
"K11374","ELP2"
"K01092","IMPA1"
"K03127","TAF13"
"K23291","RUSC2"
"K23533","LINGO1"
"K03249","EIF3F"
"K00555","TRMT1"
"K10498","ZBTB11"
"K24594","RSRC1"
"K10770","ALKBH8"
"K24418","METTL5"
"K09216","OVOL2"
"K23455","COL8A2"
"K09299","ZEB1"
"K13098","FUS"
"K10744","RNASEH2B"
"K10745","RNASEH2C"
"K10743","RNASEH2A"
"K09176","TFAP2B"
"K20795","PRDM6"
"K22234","CDX2"
"K19512","MAMLD1"
"K18222","ARSE"
"K19626","INVS"
"K09233","GLIS2"
"K16462","CEP164"
"K21415","ANKS6"
"K16754","CEP83"
"K21763","MAPKBP1"
"K01262","XPNPEP3"
"K17681","ATAD3A"
"K12324","NPR2"
"K04809","CHRNA7"
"K09208","KLF13"
"K15363","FAN1"
"K23029","EFHC1"
"K17341","HMCN1"
"K17340","FBLN5"
"K25179","ARMS2"
"K03990","C3"
"K10160","TLR4"
"K23815","CFHR1"
"K13509","AGPAT2"
"K19387","PTRF"
"K24317","MCM3AP"
"K02308","DAXX"
"K00760","HPRT1"
"K09334","ALX1"
"K05193","GLRA1"
"K05196","GLRB"
"K05038","SLC6A5"
"K22530","ATAD1"
"K05144","CD27"
"K05470","CD70"
"K05261","PTH"
"K20182","VPS33A"
"K22591","ADNP"
"K04007","CD46,"
"K18267","NEB"
"K10372","TNNT1"
"K21913","KBTBD13"
"K05765","CFL2"
"K10473","KLHL40"
"K04851","CACNA1D"
"K14009","BCAP31"
"K18343","OTULIN"
"K12390","CLN5"
"K12307","MSFD8"
"K12360","CLN8"
"K09109","MYCN"
"K12805","NLRC4"
"K17082","KIND1"
"K00452","HAAO"
"K01950","NADSYN1"
"K02355","GFM1"
"K02959","MRPS16"
"K02357","TSFM"
"K02358","TUFM"
"K02906","MRPL3"
"K03495","MTO1"
"K23499","RMND1"
"K01885","EARS2"
"K17425","MRPL44"
"K00784","ELAC2"
"K23502","SFXN4"
"K22069","LYRM4"
"K01873","VARS2"
"K02132","ATP5A1"
"K03650","GTPBP3"
"K15429","TRMT5"
"K15111","SLC25A26"
"K03671","TXN2"
"K17654","TRMT10C"
"K01410","MIPEP"
"K17412","MRPS34"
"K15414","C1QBP"
"K02992","MRPS7"
"K00791","TRIT1"
"K02967","MRPS2"
"K24624","MICOS13"
"K02954","MRPS14"
"K02433","QRSL1"
"K02434","GATB"
"K02435","GATC"
"K17790","TIMM22"
"K02935","MRPL12"
"K17402","MRPS23"
"K17407","MRPS28"
"K21969","NSUN3"
"K23507","MIEF2"
"K17404","MRPS25"
"K17659","PTCD3"
"K04487","NFS1"
"K00548","MTR"
"K11137","TELO2"
"K10608","TRIM37"
"K06270","PPP1R12A"
"K01807","RPIA"
"K24577","MYMK"
"K01890","FARSB"
"K11529","GLYCTK"
"K08208","SLC22A12"
"K23412","SERPINI1"
"K14562","TCOF1"
"K03020","POLR1C"
"K03002","POLR1B"
"K14697","SLC30A10"
"K14720","SLC39A14"
"K11097","SNRPE"
"K02889","RPL21"
"K10387","PKP1"
"K00106","XDH"
"K15631","MOCOS"
"K08268","HIF1A"
"K01045","Paraoxonase"
"K10177","TBX3"
"K00830","AGXT"
"K00049","GRHPR"
"K18123","HOGA1"
"K14320","AAAS"
"K01132","GALNS"
"K01197","HYAL1"
"K17392","IGF2BP2"
"K08579","CAPN10"
"K14695","SLC30A8"
"K19495","JAZF1"
"K08024","HHEX"
"K04286","MTNR1B"
"K15865","CDKAL1"
"K08624","ADAMTS9"
"K04491","TCF7L2"
"K12737","CWC27"
"K10407","KLC2"
"K10207","HSD17B3"
"K12344","SRD5A2"
"K00109","L2HGDH"
"K20474","RINT1"
"K21027","TRMU"
"K02955","RPS14"
"K03370","ST3GAL5"
"K19866","FBLN4"
"K02150","ATP6V1E1"
"K19559","LTBP1"
"K03176","TrkA"
"K05101","TrkC"
"K01784","GALE"
"K04444","MAPKAPK3"
"K00058","PHGDH"
"K00485","FMO3"
"K16866","TIMP3"
"K21870","BANF1"
"K09168","NFIA"
"K13862","SLC4A11"
"K23436","AGBL1"
"K08765","CPT1A"
"K07511","ECHS1"
"K05140","IL-28RA"
"K04193","CCXCR1"
"K04176","CCR1"
"K04178","CCR3"
"K14856","SDAD1"
"K05416","CXCL9"
"K12671","CXCL10"
"K12672","CXCL11"
"K08574","CAPN5"
"K05688","PINK1"
"K05687","DJ1"
"K18730","GIGYF2"
"K16343","PLA2G6"
"K10293","FBXO7"
"K18468","VPS35"
"K03260","EIF4G1"
"K09526","DNAJC6"
"K22758","CHCHD2"
"K08558","NR4A2"
"K23090","WISP3"
"K12590","EXOSC5"
"K14756","KL"
"K23949","SAMD9"
"K23664","MEGF8"
"K05260","GHRH"
"K04359","PDGF-A"
"K10453","GAN"
"K11804","DCAF8"
"K04404","TAB2"
"K08548","NR2F2"
"K17896","GATA5"
"K06785","JAM3"
"K07861","RAC3"
"K17637","EXOC2"
"K11422","SETD1A"
"K13138","INTS1"
"K24675","ZMYM2"
"K23570","EMC10"
"K24928","TTC5"
"K11304","KAT5"
"K09189","KMT2E"
"K07834","RALA"
"K06637","BUB1B"
"K16762","CEP57"
"K16765","CEP78"
"K16464","CEP250"
"K13575","SLC4A4"
"K05098","VEGFR2"
"K03987","C1QB"
"K03988","C1QG"
"K03993","MASP2"
"K10104","FCN3"
"K24141","STARD7"
"K10661","MARCHF6"
"K24539","YEATS2"
"K06760","CNTN2"
"K18412","TNRC6A"
"K08018","RAPGEF2"
"K10645","MIB1"
"K23379","FRAS1"
"K20251","GRIP1"
"K05483","IL36RN"
"K12395","AP1S3"
"K04675","ACVR1"
"K11265","ADCY10"
"K04928","KCNQ3"
"K18438","PDE10A"
"K13129","SMN1"
"K03178","UBE1"
"K10707","VAPB"
"K18739","BICD2"
"K09544","HSPB3"
"K10313","FBXO38"
"K01867","WARS1"
"K20719","SIGMAR1"
"K09508","DNAJB2"
"K14085","ALDH7A1"
"K05497","MSTN"
"K06013","ZMPSTE24"
"K06233","LRP2"
"K22074","NFU1"
"K22075","BOLA3"
"K22072","ISCA2"
"K22063","ISCA1"
"K17732","PMPCB"
"K20304","TRAPPC6B"
"K13132","GEMIN4"
"K14018","PLAA"
"K10415","DYNC1I2"
"K12353","SMPD4"
"K23357","SVBP"
"K25112","TMX2"
"K01934","MTHFS"
"K01514","PRUNE1"
"K13194","ADARB1"
"K07195","EXOC7"
"K19986","EXOC8"
"K14005","SEC31A"
"K11492","NCAPG2"
"K17301","COPB1"
"K05632","ITCH"
"K05236","COPA"
"K05970","SIAE"
"K09363","POU1F1"
"K09327","PROP1"
"K09374","LHX3"
"K04284","GHSR"
"K19538","RP1L1"
"K12316","GAA"
"K07593","SLC2A2"
"K17535","TNNI3K"
"K18272","RP2"
"K17344","ROM1"
"K19604","RP9"
"K12844","PRPF31"
"K12856","PRPF8"
"K18246","CA4"
"K12843","PRPF3"
"K19601","EYS"
"K19602","CERKL"
"K09038","NRL"
"K16772","FAM161A"
"K17455","FSCN2"
"K10631","TOPORS"
"K22188","CLCC1"
"K12854","SNRNP200"
"K19637","PRCD"
"K05117","MERTK"
"K08718","PDE6A"
"K04254","RGR"
"K04952","CNGB1"
"K00030","IDH3B"
"K04948","CNGA1"
"K24165","C2orf71"
"K07951","ARL6"
"K13759","PDE6G"
"K24373","ZNF513"
"K12855","PRPF6"
"K08829","MAK"
"K23911","RBP3"
"K20872","NEK2"
"K13871","SLC7A14"
"K16539","KIZ"
"K12662","PRPF4"
"K16747","BBS2"
"K23438","AGBL5"
"K17279","REEP6"
"K21066","ARHGEF18"
"K16742","ARL2BP"
"K12815","DHX38"
"K09093","AHR"
"K20196","KIF3B"
"K01165","RNASEL"
"K25572","EHBP1"
"K01785","GALM"
"K19970","NT5E"
"K09379","ZFHX2"
"K00654","SPTLC1"
"K23880","FAM134B"
"K02582","NGFB"
"K10382","DST"
"K24255","PRDM12"
"K00558","DNMT1"
"K09497","CCT5"
"K06593","PVRL4"
"K01108","MTM1"
"K12562","BIN1"
"K18485","MYF6"
"K23693","CCDC78"
"K08809","SPEG"
"K04424","MAP3K20"
"K10179","TBX5"
"K00288","MTHFD1"
"K05131","IFNAR2"
"K02861","RIPK1"
"K05069","IL2RB"
"K04693","IRF9"
"K10736","MCM10"
"K08547","NR2F1"
"K08683","HSD17B10"
"K09322","MEOX1"
"K10362","MYO18B"
"K19383","TGIF1"
"K06235","ZIC2"
"K16798","GLI2"
"K20033","CDON"
"K12604","CNOT1"
"K01958","PC"
"K17966","TMEM70"
"K17683","CYP2A6"
"K17719","CYP2C9"
"K00287","DHFR"
"K24678","HHAT"
"K22863","WDPCP"
"K11423","SETD2"
"K07984","SH3BP2"
"K04665","AMH"
"K04672","AMHR2"
"K01953","ASNS"
"K08147","SLC2A10"
"K12838","PUF60"
"K01749","HMBS"
"K00231","PPOX"
"K01698","ALAD"
"K00228","CPOX"
"K02503","HINT1"
"K11109","POT1"
"K18735","SMG9"
"K24888","GTPBP2"
"K05057","OSMR"
"K22630","IL31RA"
"K20732","GPNMB"
"K00505","TYR"
"K24200","OCA2"
"K04199","MC1R"
"K00506","TYRP1"
"K15378","SLC45A2"
"K13753","SLC24A5"
"K24399","C10orf11"
"K01827","DCT"
"K09076","MESP2"
"K05948","LNFG"
"K09087","HES7"
"K10180","TBX6"
"K10646","TRAF7"
"K17846","KLF4"
"K22543","MN1"
"K16194","EIF2AK1"
"K16195","EIF2AK2"
"K05478","TNFSF15"
"K01435","BTD"
"K04806","CHRNA4"
"K04813","CHRNB2"
"K04804","CHRNA2"
"K11407","HDAC6"
"K16912","LAS1L"
"K11499","CENPF"
"K23883","EPG5"
"K12852","EFTUD2"
"K04565","SOD1"
"K07607","PRPH"
"K16631","ANG"
"K23600","TARDBP"
"K04523","UBQLN2"
"K05759","PFN1"
"K05085","ERBB4"
"K13213","MATR3"
"K17095","ANXA11"
"K04982","TRPM7"
"K01876","DARS2"
"K06619","BCR-ABL"
"K05078","CRLF2"
"K18450","ATCAY"
"K04189","CXCR4"
"K14615","GIF"
"K14616","CUBN"
"K18259","AMN"
"K13596","ACVR2B"
"K04666","NODAL"
"K24225","CCDC11"
"K08000","MMP21"
"K04987","PKD1L1"
"K25441","MNS1"
"K24728","CFAP52"
"K25551","CFAP45"
"K17285","SELENBP1"
"K08729","PTDSS1"
"K10625","UBR1"
"K23705","SASH1"
"K19410","LEMD3"
"K08653","MBTPS1"
"K17145","MIR140"
"K16890","CATSPER2"
"K01323","F11"
"K09399","FOXF1"
"K10754","RFC1"
"K05645","ABCA7"
"K23735","LIPT2"
"K24869","SCAPER"
"K04539","GNB5"
"K25291","TMEM94"
"K11348","BRPF1"
"K18342","OTUD6B"
"K22045","BCL11A"
"K24651","PHF21A"
"K10297","FBXO11"
"K23326","CCNK"
"K12614","DDX6"
"K04409","PAK1"
"K12605","CNOT2"
"K08532","RORA"
"K18727","TNPO2"
"K04915","KCNK4"
"K24769","TCF20"
"K11797","PHIP"
"K06711","P4HTM"
"K05642","ABCA2"
"K18283","PDE2A"
"K24971","NEMF"
"K16726","ANKRD17"
"K04429","TAOK1"
"K20309","TRAPPC12"
"K09071","HAND1"
"K16746","BBS1"
"K16531","BBS4"
"K16748","BBS5"
"K16749","BBS7"
"K16781","TTC8"
"K19398","BBS9"
"K19401","BBS10"
"K19402","BBS12"
"K19400","LZTFL1"
"K19399","BBIP1"
"K07934","IFT27"
"K23369","ADAMTSL4"
"K00166","BCKDHA"
"K00167","BCKDHB"
"K09699","DBT"
"K17505","PPM1K"
"K16741","ALMS1"
"K19408","SRPX2"
"K03242","EIF2S3"
"K06246","LAMC2"
"K07603","COL17A1"
"K06525","ITGB4"
"K06485","ITGA6"
"K08058","TAPBP"
"K17609","NXN"
"K00444","WNT5A"
"K02353","DVL1"
"K18025","PTPN14"
"K10172","TBXT"
"K08110","GPC4"
"K20967","MOCS1"
"K03635","MOCS2"
"K15376","GEPH"
"K12385","NPC1"
"K13443","NPC2"
"K19748","SCYL1BP1"
"K05016","CLCN7"
"K23863","OSTM1"
"K23282","PLEKHM1"
"K17924","SNX10"
"K00453","TDO2"
"K11494","RCBTB1"
"K08288","PRKCSH"
"K09540","SEC63"
"K22076","MFF"
"K04874","KCNA1"
"K05614","SLC1A3"
"K09028","JUNB"
"K23919","Nav3"
"K00315","DMGDH"
"K15014","SLC29A3"
"K00477","PHYH"
"K00164","OGDH"
"K10069","CLEC1A"
"K05058","LIFR"
"K06243","LAMB2"
"K00510","HMOX1"
"K04802","PCNA"
"K10501","ZBTB20"
"K19477","PRKG2"
"K21951","HOXA11"
"K16456","CEP55"
"K19471","RSPO1"
"K10184","TBX19"
"K13699","CGI58"
"K12859","TXNL4A"
"K00616","TALDO1"
"K09533","DNAJC13"
"K20779","RNF168"
"K00759","APRT"
"K03239","EIF2B1"
"K03754","EIF2B2"
"K03241","EIF2B3"
"K03680","EIF2B4"
"K03240","EIF2B5"
"K15909","INPPL1"
"K10880","XRCC3"
"K09068","TAL1"
"K15604","LYL1"
"K09340","HOX11"
"K15612","LMO2"
"K15607","HOX11L2"
"K11839","USP8"
"K07843","RASD1"
"K19531","CDAN1"
"K24865","C15orf41"
"K09204","KLF1"
"K24374","ZNF644"
"K22761","PRIMPOL"
"K22290","LRPAP1"
"K14711","SLC39A5"
"K00472","P4HA2"
"K13801","ARR3"
"K14401","CPSF1"
"K22459","P3H2"
"K09420","MYB-NF1B"
"K24552","ASPRV1"
"K11462","EED"
"K07623","GJB4"
"K04708","KDSR"
"K24964","ALKKUCS"
"K17759","NAXE"
"K17757","NAXD"
"K04950","CNGA3"
"K09054","ATF6"
"K05753","WASF1"
"K06757","NFASC"
"K05727","DOCK3"
"K24851","ZNF142"
"K00809","DHPS"
"K13185","DHX30"
"K12165","UFC1"
"K20726","TMEM222"
"K20166","TBC1D2B"
"K24183","NBEA"
"K08422","GPR88"
"K04440","MAPK10"
"K23560","ZEB2"
"K10587","UBE3A"
"K05449","VEGFC"
"K04577","CALCRL"
"K04600","CELSR1"
"K05466","ANGPT2"
"K05120","TIE1"
"K18758","DIS3L2"
"K12665","CYP26C1"
"K14318","NUP88"
"K17705","KRIT1"
"K18269","PDCD10"
"K18167","SDHAF1"
"K09349","HMX1"
"K09232","GLIS3"
"K09356","PITX1"
"K25094","EPB42"
"K07556","ATPAF2"
"K02135","ATP5E"
"K02134","ATP5F1D"
"K18194","ATP5MD"
"K14382","SLC5A2"
"K24496","NPHS1"
"K18268","PDCN"
"K05860","PLCE1"
"K18035","PTPRO"
"K12462","ARHGDIA"
"K14309","NUP93"
"K14310","NUP205"
"K01634","SGPL1"
"K05629","MAGI2"
"K14304","NUP85"
"K14303","NUP160"
"K19951","TBC1D8B"
"K08017","AVIL"
"K16513","NOS1AP"
"K04512","DAAM2"
"K20865","NALP12"
"K08788","DMPK"
"K09250","ZNF9"
"K04969","TRPC6"
"K13738","CD2AP"
"K23585","APOL1"
"K18621","ANLN"
"K12001","TRIM8"
"K18489","DLX5"
"K20068","REPS1"
"K00624","CRAT"
"K11976","RNF216"
"K14575","SPATA5"
"K23353","PDLIM4"
"K04576","CALCR"
"K04309","LGR4"
"K17336","PLS3"
"K04452","FUS-DDIT3"
